Unnamed: 0,type_avion,age_avion,nombre_passagers,consommation_carburant
0,A320,2011.0,163.0,0.5792318824276167
1,A320,2011.0,163.0,0.5973299224843326
2,A320,2011.0,163.0,0.6513420925011135
3,A320,2011.0,163.0,0.819360798590179
4,A320,,,0.698642656937294
5,A320,,,0.7400733577157684
6,B738,2010.0,,0.7912780128796393
7,B738,2010.0,,0.9460369958817824
8,B738,,,0.8051045484915464
9,B738,,,1.1553923441909555
18,A319,,,0.7147869873485724
19,A319,,,0.741655146434967
20,A319,,,0.7460042697651268
21,A319,,,0.7828947746051164
22,A319,,,0.817748925013711
23,A319,,,0.7921756131390851
29,A320,2002.0,,0.7389870463717293
30,A320,2002.0,,0.6477194893022478
31,A320,2002.0,,0.6821944006513403
32,A320,2002.0,,0.677059269538764
33,A320,2009.0,150.0,0.6763242971551765
34,A320,2009.0,159.0,0.7014474493401629
35,A319,1999.0,138.0,0.7757776373850367
36,A319,1999.0,138.0,0.7819438265846423
37,A319,2000.0,,0.7164083906142448
38,A319,2000.0,,0.6034876618466941
39,A319,2000.0,,0.7651582061252994
40,A319,2000.0,,0.7410861272525613
41,A319,2000.0,,0.744608267148952
42,A319,2000.0,,0.7538862129601317
43,A319,2001.0,,0.7314971884128675
44,A319,2006.0,,0.7367280622483501
45,A319,2006.0,,0.724362380169848
50,A321,2001.0,,0.8168367593243409
51,A321,2001.0,,0.7473955540134929
52,A321,2001.0,,0.7982792927619292
53,A321,2008.0,200.0,0.7254656437381044
54,A321,2008.0,200.0,0.7701456383770526
73,E190,2007.0,,0.5735084465770316
74,E190,,,0.5298852808307034
75,E190,,,0.546609871512212
76,E190,,,0.6048571564435766
77,E190,,,0.5675629642067431
78,E190,,,0.5666273726997898
79,E190,,,0.5995982175069106
80,E190,2009.0,,0.5908362142537642
81,A320,2010.0,,0.7391801056789893
82,A320,2010.0,,0.6923934644259431
83,A320,2010.0,,0.6677751369496557
84,A320,2010.0,,0.685556892327491
85,A320,2010.0,,0.7323465641565181
86,A320,2010.0,,0.6930067260653818
87,A320,2010.0,,0.6936196135498502
88,A320,2011.0,,0.6999910943407438
89,A320,2011.0,,0.7092103398765432
90,A320,2011.0,,0.6368920273050824
91,A320,2011.0,,0.6815185588700434
92,A320,2011.0,,0.6915789522608891
93,A320,2011.0,,0.7208881015314647
94,A320,2011.0,,0.6875649337268417
95,A320,2011.0,,0.7519180615369032
96,A320,2011.0,,0.6648350179568997
97,A320,2011.0,,0.6576827518508412
100,A332,,,2.426600088920248
104,A319,2008.0,,0.7779550507610825
105,A319,2008.0,,0.8031570528222916
106,A319,1997.0,138.0,0.852506153967792
107,A319,1997.0,138.0,0.8960559149353489
108,A319,1998.0,138.0,0.7981471669326262
109,A319,1998.0,138.0,0.9295505061331788
110,A321,,,0.8829764536629896
111,A321,,,0.8328127618359238
112,A320,2018.0,,0.6660505502736763
113,A320,2010.0,168.0,0.7701999269300461
114,B752,1998.0,,1.2848945910640075
115,B752,1998.0,,1.3518655274217453
117,A320,2003.0,,0.7203639417685027
120,A320,2008.0,162.0,0.6961671027398427
121,A320,2008.0,162.0,0.6699924647539718
122,A320,,,0.7164864222457565
123,A320,,,0.7222756931398727
124,A319,,,0.6728572975933663
125,A319,,,0.7056440691951057
126,A319,,,0.6245984572734223
127,A319,,,0.6933969035882451
128,A319,,,0.7483431893919151
129,A319,,,0.7905919411919116
130,A319,,,0.8103420573501063
131,A320,,,0.7827015605426583
132,A320,,,0.7556239448643991
133,A319,,,0.7166145338488753
134,A319,2004.0,156.0,0.7426305765802992
135,A319,2004.0,156.0,0.7654514148834746
136,A319,2004.0,156.0,0.7832190789195105
137,A319,2004.0,147.0,0.7502806335146888
138,A319,2004.0,147.0,0.7305111539874252
143,E190,,,0.5574386511587671
144,E190,,,0.6106524105044644
145,E190,,,0.5480301549246734
146,E190,,,0.5721752391680912
147,E190,2011.0,106.0,0.611292602518358
148,E190,2011.0,106.0,0.5132550404598861
149,E190,2011.0,106.0,0.6013228728268277
150,E190,2011.0,106.0,0.4613868796160985
151,A320,2016.0,,0.5218433273910721
152,A320,2016.0,,0.5686051593766438
154,B738,2004.0,189.0,0.9773967065231772
155,B738,2004.0,189.0,0.7961254367741529
156,B738,2004.0,189.0,0.6912541247597372
157,B738,2012.0,189.0,0.7882362532726469
158,B738,2012.0,189.0,0.9367593369953224
0,A320,2011.0,163.0,0.5792318824276167
1,A320,2011.0,163.0,0.5973299224843326
2,A320,2011.0,163.0,0.6513420925011135
3,A320,2011.0,163.0,0.819360798590179
4,A320,,,0.698642656937294
5,A320,,,0.7400733577157684
6,B738,2010.0,,0.7912780128796393
7,B738,2010.0,,0.9460369958817824
8,B738,,,0.8051045484915464
9,B738,,,1.1553923441909555
18,A319,,,0.7147869873485724
19,A319,,,0.741655146434967
20,A319,,,0.7460042697651268
21,A319,,,0.7828947746051164
22,A319,,,0.817748925013711
23,A319,,,0.7921756131390851
29,A320,2002.0,,0.7389870463717293
30,A320,2002.0,,0.6477194893022478
31,A320,2002.0,,0.6821944006513403
32,A320,2002.0,,0.677059269538764
33,A320,2009.0,150.0,0.6763242971551765
34,A320,2009.0,159.0,0.7014474493401629
35,A319,1999.0,138.0,0.7757776373850367
36,A319,1999.0,138.0,0.7819438265846423
37,A319,2000.0,,0.7164083906142448
38,A319,2000.0,,0.6034876618466941
39,A319,2000.0,,0.7651582061252994
40,A319,2000.0,,0.7410861272525613
41,A319,2000.0,,0.744608267148952
42,A319,2000.0,,0.7538862129601317
43,A319,2001.0,,0.7314971884128675
44,A319,2006.0,,0.7367280622483501
45,A319,2006.0,,0.724362380169848
50,A321,2001.0,,0.8168367593243409
51,A321,2001.0,,0.7473955540134929
52,A321,2001.0,,0.7982792927619292
53,A321,2008.0,200.0,0.7254656437381044
54,A321,2008.0,200.0,0.7701456383770526
73,E190,2007.0,,0.5735084465770316
74,E190,,,0.5298852808307034
75,E190,,,0.546609871512212
76,E190,,,0.6048571564435766
77,E190,,,0.5675629642067431
78,E190,,,0.5666273726997898
79,E190,,,0.5995982175069106
80,E190,,,0.5908362142537642
81,A320,2010.0,,0.7391801056789893
82,A320,2010.0,,0.6923934644259431
83,A320,2010.0,,0.6677751369496557
84,A320,2010.0,,0.685556892327491
85,A320,2010.0,,0.7323465641565181
86,A320,2010.0,,0.6930067260653818
87,A320,2010.0,,0.6936196135498502
88,A320,2011.0,,0.6999910943407438
89,A320,2011.0,,0.7092103398765432
90,A320,2011.0,,0.6368920273050824
91,A320,2011.0,,0.6815185588700434
92,A320,2011.0,,0.6915789522608891
93,A320,2011.0,,0.7208881015314647
94,A320,2011.0,,0.6875649337268417
95,A320,2011.0,,0.7519180615369032
96,A320,2011.0,,0.6648350179568997
97,A320,2011.0,,0.6576827518508412
100,A332,,,2.426600088920248
104,A319,2008.0,,0.7779550507610825
105,A319,2008.0,,0.8031570528222916
106,A319,1997.0,138.0,0.852506153967792
107,A319,1997.0,138.0,0.8960559149353489
108,A319,1998.0,138.0,0.7981471669326262
109,A319,1998.0,138.0,0.9295505061331788
110,A321,,,0.8829764536629896
111,A321,,,0.8328127618359238
112,A320,2018.0,,0.6660505502736763
113,A320,2010.0,168.0,0.7701999269300461
114,B752,1998.0,,1.2848945910640075
115,B752,1998.0,,1.3518655274217453
117,A320,2003.0,,0.7203639417685027
120,A320,2008.0,162.0,0.6961671027398427
121,A320,2008.0,162.0,0.6699924647539718
122,A320,,,0.7164864222457565
123,A320,,,0.7222756931398727
124,A319,,,0.6728572975933663
125,A319,,,0.7056440691951057
126,A319,,,0.6245984572734223
127,A319,,,0.6933969035882451
128,A319,,,0.7483431893919151
129,A319,,,0.7905919411919116
130,A319,,,0.8103420573501063
131,A320,,,0.7827015605426583
132,A320,,,0.7556239448643991
133,A319,,,0.7166145338488753
134,A319,2004.0,156.0,0.7426305765802992
135,A319,2004.0,156.0,0.7654514148834746
136,A319,2004.0,156.0,0.7832190789195105
137,A319,2004.0,147.0,0.7502806335146888
138,A319,2004.0,147.0,0.7305111539874252
143,E190,,,0.5574386511587671
144,E190,,,0.6106524105044644
145,E190,,,0.5480301549246734
146,E190,,,0.5721752391680912
147,E190,2011.0,106.0,0.611292602518358
148,E190,2011.0,106.0,0.5132550404598861
149,E190,2011.0,106.0,0.6013228728268277
150,E190,2011.0,106.0,0.4613868796160985
151,A320,2016.0,,0.5218433273910721
152,A320,2016.0,,0.5686051593766438
154,B738,2004.0,189.0,0.9773967065231772
155,B738,2004.0,189.0,0.7961254367741529
156,B738,2004.0,189.0,0.6912541247597372
157,B738,2012.0,189.0,0.7882362532726469
158,B738,2012.0,189.0,0.9367593369953224
0,E190,2014.0,,0.5751388149439337
1,E190,2014.0,,0.6038942877101887
2,A319,2001.0,,0.5375326624932502
3,A319,2001.0,,0.6750595384449057
6,B738,2005.0,,0.7849412754647582
7,B738,2005.0,,0.8386097269877035
16,A319,,,0.8825484719707873
17,A319,,,0.7638109555854513
18,A319,,,0.7369501877300919
19,A319,,,0.7308734696886906
20,A319,,,0.6079250127378389
21,A319,,,0.7983682618262361
22,A319,,,0.7631866060092689
23,A319,,,0.7320806868644302
24,A321,,,0.8968019692346468
25,A321,,,0.9452735107114832
26,A319,2001.0,,0.7563676532186693
27,A319,2001.0,,0.7463079799292032
28,A319,2002.0,,0.8316479351840486
29,A319,2002.0,,0.7240923750764414
30,A321,,,0.7309403697073565
31,A321,1999.0,,0.8334809434346646
32,A321,2008.0,,0.8989764716544019
33,A321,2008.0,,0.863094860285372
34,A321,2008.0,,0.8991887923292354
35,A321,2008.0,,0.8779785629007893
36,A321,2008.0,,0.9626053880260864
37,A321,2008.0,,0.8893180810614121
38,A321,2008.0,200.0,0.8511123474769912
39,A321,2008.0,200.0,0.9346728144574072
45,E190,,,0.4724666038671676
46,E190,2009.0,,0.5194374202589433
47,E190,,,0.7025441935878555
48,E190,,,0.432222733807459
49,E190,,,0.4855811856128778
50,E190,,,0.6808084723329519
51,A320,2011.0,,0.6873099698066144
52,A320,2011.0,,0.655010588205566
53,A320,2011.0,,0.6781911072251006
54,A320,2011.0,,0.6989171225501503
55,A320,2011.0,,0.6900764576635012
56,A320,2017.0,,0.6770327188927736
59,B738,2016.0,,0.7692999734765567
60,B738,2016.0,,0.8237662908226947
61,A319,2013.0,,0.7778048307162403
62,A319,2013.0,,0.9656227534325892
63,A319,,,0.724703699345487
64,A319,1996.0,138.0,0.8383110601617254
65,A319,1996.0,138.0,0.6959733305154305
66,A320,2009.0,168.0,0.6446100659965821
67,A320,2002.0,2.0,0.718205065491543
68,A320,2002.0,2.0,0.7055318597909934
69,A320,2002.0,,0.7026637753743843
70,A320,2015.0,,0.6955711174625615
71,A320,2015.0,,0.6958902600128646
77,A319,,,0.717988425111917
78,A319,,,0.7713714407466262
81,A319,,,0.9166551804480664
82,A319,,,0.7540429924244868
83,A319,,,0.7413655511574677
84,A319,,,0.6469550229550814
85,A319,,,0.756088161214415
86,A319,,,0.9872781066143232
87,A319,,,0.7461014182795336
88,A319,,,0.7887886539737785
89,A320,,,0.8396900187705952
90,A320,,,0.6405813621754421
91,A319,,,0.7730976264848627
92,A319,,,0.7679834810646518
93,A319,2003.0,147.0,0.7389133784115108
94,E190,,,0.4558541346144912
97,E190,2011.0,,0.5133171044711883
98,E190,2011.0,,0.4713457054186802
101,A320,2010.0,180.0,0.8712800932301419
102,A320,2010.0,180.0,0.6642300556295723
103,B738,2006.0,189.0,0.6802692794785997
104,B738,2006.0,189.0,0.671355249748165
105,B738,2006.0,189.0,0.8548732049121985
106,B738,2006.0,189.0,0.7961114637169168
107,B738,2010.0,189.0,0.8633086310848193
108,B738,2010.0,189.0,0.811181012857511
111,B738,2018.0,189.0,1.0132449932299137
112,B738,2018.0,189.0,0.7611285241856789
113,A388,,,3.475801960624711
0,E190,2014.0,,0.5751388149439337
1,E190,2014.0,,0.6038942877101887
2,A319,2001.0,,0.5375326624932502
3,A319,2001.0,,0.6750595384449057
6,B738,2005.0,,0.7849412754647582
7,B738,2005.0,,0.8386097269877035
16,A319,,,0.8825484719707873
17,A319,,,0.7638109555854513
18,A319,,,0.7369501877300919
19,A319,,,0.7308734696886906
20,A319,,,0.6079250127378389
21,A319,,,0.7983682618262361
22,A319,,,0.7631866060092689
23,A319,,,0.7320806868644302
24,A321,,,0.8968019692346468
25,A321,,,0.9452735107114832
26,A319,2001.0,,0.7563676532186693
27,A319,2001.0,,0.7463079799292032
28,A319,2002.0,,0.8316479351840486
29,A319,2002.0,,0.7240923750764414
30,A321,,,0.7309403697073565
31,A321,1999.0,,0.8334809434346646
32,A321,2008.0,,0.8989764716544019
33,A321,2008.0,,0.863094860285372
34,A321,2008.0,,0.8991887923292354
35,A321,2008.0,,0.8779785629007893
36,A321,2008.0,,0.9626053880260864
37,A321,2008.0,,0.8893180810614121
38,A321,2008.0,200.0,0.8511123474769912
39,A321,2008.0,200.0,0.9346728144574072
45,E190,,,0.4724666038671676
46,E190,2009.0,,0.5194374202589433
47,E190,,,0.7025441935878555
48,E190,,,0.432222733807459
49,E190,,,0.4855811856128778
50,E190,,,0.6808084723329519
51,A320,2011.0,,0.6873099698066144
52,A320,2011.0,,0.655010588205566
53,A320,2011.0,,0.6781911072251006
54,A320,2011.0,,0.6989171225501503
55,A320,2011.0,,0.6900764576635012
56,A320,2017.0,,0.6770327188927736
59,B738,2016.0,,0.7692999734765567
60,B738,2016.0,,0.8237662908226947
61,A319,2013.0,,0.7778048307162403
62,A319,2013.0,,0.9656227534325892
63,A319,,,0.724703699345487
64,A319,1996.0,138.0,0.8383110601617254
65,A319,1996.0,138.0,0.6959733305154305
66,A320,2009.0,168.0,0.6446100659965821
67,A320,2002.0,2.0,0.718205065491543
68,A320,2002.0,2.0,0.7055318597909934
69,A320,2002.0,,0.7026637753743843
70,A320,2015.0,,0.6955711174625615
71,A320,2015.0,,0.6958902600128646
77,A319,,,0.717988425111917
78,A319,,,0.7713714407466262
81,A319,,,0.9166551804480664
82,A319,,,0.7540429924244868
83,A319,,,0.7413655511574677
84,A319,,,0.6469550229550814
85,A319,,,0.756088161214415
86,A319,,,0.9872781066143232
87,A319,,,0.7461014182795336
88,A319,,,0.7887886539737785
89,A320,,,0.8396900187705952
90,A320,,,0.6405813621754421
91,A319,,,0.7730976264848627
92,A319,,,0.7679834810646518
93,A319,2003.0,147.0,0.7389133784115108
94,E190,,,0.4558541346144912
97,E190,2011.0,,0.5133171044711883
98,E190,2011.0,,0.4713457054186802
101,A320,2010.0,180.0,0.8712800932301419
102,A320,2010.0,180.0,0.6642300556295723
103,B738,2006.0,189.0,0.6802692794785997
104,B738,2006.0,189.0,0.671355249748165
105,B738,2006.0,189.0,0.8548732049121985
106,B738,2006.0,189.0,0.7961114637169168
107,B738,2010.0,189.0,0.8633086310848193
108,B738,2010.0,189.0,0.811181012857511
111,B738,2018.0,189.0,1.0132449932299137
112,B738,2018.0,189.0,0.7611285241856789
113,A388,,,3.475801960624711
5,A319,,,0.8593194548788834
6,A319,,,0.9138873345233582
7,A319,,,0.7781100010305305
9,A320,2002.0,,0.7782017197665144
10,A320,2002.0,,0.7920677273958409
11,A320,2009.0,159.0,0.7474894724414745
12,A320,2009.0,159.0,0.7458917627492961
13,A321,1995.0,,0.8555151090587901
14,A321,,,0.9078820488090004
15,A321,,,0.8301766684387577
16,A321,1995.0,,0.8472948137794695
17,A319,1999.0,138.0,0.7040209095395402
18,A319,2000.0,,0.8877419210017887
19,A319,2000.0,,0.7471762450690849
20,A319,2000.0,,0.7406788411507993
21,A319,2001.0,,0.53972968517209
22,A319,2003.0,,0.726926153757845
23,A321,2008.0,,0.7171607017699344
24,A321,2008.0,,0.7119675846156815
25,A321,2009.0,,1.189349266426264
26,A321,2009.0,,0.9125861743958416
27,A321,2009.0,,0.6963072816871417
33,A320,2011.0,,0.7745962961008057
34,A320,2011.0,,0.714029962215247
35,A320,2011.0,,0.6696626988266828
36,A320,2011.0,,0.721904456645772
37,A320,2011.0,,0.7229626113967014
38,A320,2010.0,165.0,0.5804204033843359
42,A319,2013.0,,0.7325025055771317
43,A319,2013.0,,1.054058856332909
44,A319,1997.0,138.0,0.7394185795924713
46,B752,1995.0,,1.085491656665721
49,A319,2006.0,156.0,0.755833682561737
50,A319,2006.0,156.0,0.7349890737564582
51,A319,,,0.9737531281976246
52,A319,,,0.8390651881472485
53,A319,2008.0,156.0,0.6432518882820711
54,A319,2008.0,156.0,0.8337565899833767
55,A319,2008.0,156.0,0.7446957406059064
58,E190,,,0.4945072133308082
59,E190,2012.0,106.0,0.5742765575599256
60,E190,2012.0,106.0,0.5870335699883056
63,B738,2006.0,,0.7381201563641181
64,B738,2006.0,,0.936157304541274
0,E190,2014.0,,0.5396538344679039
1,E190,2014.0,,0.6235206002954717
2,B738,2000.0,,0.8797003015673557
3,B738,2000.0,,0.9628713589629548
11,A319,,,0.8247977343711778
12,A319,,,0.712832991679242
13,A319,,,0.6648088993328277
14,A319,,,0.6575984260103637
15,A319,,,0.8101292438807278
16,A319,,,0.7880077664048731
17,A319,,,0.9451042897314882
18,A319,,,0.7923395574049463
24,A320,2001.0,,0.8486739041005957
25,A320,2002.0,,0.7186719598804101
26,A320,2002.0,,0.7558853359208267
27,A320,2002.0,,0.6787882311734764
28,A320,2002.0,,0.6919954063344378
29,A320,2002.0,,0.6657447965203217
30,A320,2002.0,,0.7110540302682055
31,A320,2002.0,,0.6755491215228013
32,A321,1995.0,,0.8572505355577911
33,A321,1995.0,,0.8323624457360916
34,A321,1995.0,,0.8572280202678374
35,A321,1995.0,,0.927763486408244
36,A321,1995.0,,0.8202395096930176
37,A321,1995.0,,0.8105889541766856
38,A321,,,0.8510115001383307
39,A321,,,0.8343419920658672
40,A321,,,0.8733240074047485
41,A321,,,0.8863729994787111
42,A321,,,0.8989386908458464
43,A321,,,0.933000516459808
44,A321,,,0.9263962158030647
45,A321,1995.0,,0.9235224789340576
46,A319,1999.0,138.0,0.7759334328528349
47,A319,2000.0,,0.7021375144714042
48,A319,2000.0,,0.7627149516517672
49,A319,2000.0,,0.6608870858013857
50,A319,2001.0,,0.8350109660355238
53,A321,2008.0,,0.857045900508517
54,A321,2008.0,,0.7387921029475287
55,A321,2008.0,,0.853473046630642
56,A321,2008.0,,0.9187090053919384
57,A321,2008.0,,0.7509693129972415
58,A321,2008.0,,0.913355556793492
70,A320,2011.0,,0.6757126862670176
71,A320,2011.0,,0.6949568654776135
72,A320,2011.0,,0.8670117453604227
73,A320,2011.0,,0.6914673014033045
74,A320,2011.0,,0.8937941740210379
75,A320,2011.0,,0.9263671149000524
76,A320,2011.0,,0.6672972699509206
77,A320,2011.0,,0.6691159434243926
78,A320,2011.0,,0.6574500355470314
79,A320,2011.0,,0.697549689266275
80,A320,2010.0,,0.7459438504558498
81,A320,2010.0,,0.6918874712813184
82,A320,2010.0,165.0,0.7062159496400615
83,A320,2010.0,165.0,0.6383523680112037
84,A320,2010.0,165.0,0.696343227626274
95,A321,,,0.7431478263013493
96,A319,,,0.7969307853614837
97,A319,,,0.5876044143324759
98,A319,,,0.9708013102170014
99,A319,,,0.7767536501648483
100,A319,2012.0,138.0,0.7732855780117066
101,A319,,,0.7531656285481299
102,A319,,,0.977425324845978
103,A319,1997.0,138.0,0.9861334361512526
105,A320,2019.0,180.0,0.6149174691051352
106,B752,1998.0,178.0,1.31364142538249
107,B752,1998.0,178.0,1.3784446529621683
111,A320,2002.0,,0.6794358468406065
112,A319,2007.0,156.0,0.8555046717847079
113,A319,2007.0,156.0,0.7259419600932165
114,A320,2013.0,162.0,0.6846412478735745
115,A320,2013.0,162.0,0.7111740769642251
116,A320,,,0.7850872484737383
117,A320,,,0.682387732586609
118,A319,,,0.8843010361556294
119,A319,,,0.6763827043811858
120,A320,,,0.6048349337046609
121,A320,,,0.556237854600708
124,A319,,,0.5912265282764834
125,A319,,,0.7226170625092305
126,A319,,,0.910769733087202
127,A319,,,0.6089169722942381
128,A319,,,0.7460967191810821
129,A319,,,0.8253774667722371
130,A319,2004.0,156.0,0.7653204440925736
131,A319,2004.0,156.0,0.6830482173264559
132,A319,2004.0,156.0,0.7104419883978459
133,E190,,,0.5925968802455752
134,E190,,,0.5151899510224912
135,E190,,,0.4663962629270511
138,E190,2011.0,,0.5728794509399419
141,B738,2004.0,189.0,0.780844374433837
142,B738,2004.0,189.0,0.9458826710952832
143,B738,2007.0,189.0,0.9814692294639988
144,B738,2007.0,189.0,0.752562308987591
145,B738,2010.0,189.0,0.9095160521531293
146,B738,2010.0,189.0,0.7724569964568118
149,B738,2018.0,189.0,1.0571085247100602
150,B738,2018.0,189.0,0.836125018769869
0,A319,,,0.7626754436853984
1,E190,2011.0,106.0,0.5271023840992279
0,B738,2002.0,,0.6666240997108381
1,B738,2002.0,,0.9589824335764872
3,B738,2001.0,,0.7861078029703622
4,B738,2001.0,,0.8885238463955576
11,A319,,,0.8449027369878002
12,A319,,,0.8594260931818719
13,A320,2002.0,,0.7740934694687194
14,A321,,,0.9082429459652306
15,A321,,,1.588482677349973
16,A319,2000.0,,0.7565449199941378
17,A319,2000.0,,0.7676442102068304
18,A319,2001.0,,0.6824548810684762
19,A321,2008.0,,0.8578122142414982
20,A321,2008.0,,0.9415739738171436
21,A321,2008.0,,0.8551028997453335
22,A321,2011.0,200.0,0.909507841864135
23,A321,2011.0,200.0,0.9853566518531044
24,A321,2011.0,200.0,0.9252248196655096
26,B738,2014.0,186.0,0.8694065360161524
27,B738,2014.0,186.0,0.6819320694944129
28,E190,2007.0,,0.4433352632146549
29,E190,2007.0,,0.4317376898268227
30,E190,2007.0,,0.7242545711547688
31,E190,2007.0,,0.5219041418295122
32,E190,2007.0,,0.3598373946350567
33,A320,2010.0,,0.6339047643537354
34,A320,2010.0,,0.7119965417794988
35,A320,2011.0,,0.7054480039673269
36,A320,2013.0,,0.6668515785088903
37,A320,2013.0,,0.5768295708220047
38,A320,2013.0,,0.7250508709017089
40,A319,2008.0,,0.8559079713909834
41,A319,2008.0,,1.013876287929551
42,A319,1997.0,138.0,0.7953099095721162
43,A319,1997.0,138.0,0.7461243115636995
44,A319,1998.0,138.0,0.9611532826923044
45,A319,1998.0,138.0,0.7544485705452483
46,A319,2000.0,126.0,0.8091069333425109
47,A319,2000.0,126.0,0.7547681881668779
48,A320,2002.0,2.0,0.5507488202673173
49,A320,2002.0,2.0,0.6189209094099012
50,A320,2002.0,2.0,0.9242860513155534
51,A319,2008.0,156.0,0.6829424610460414
52,A320,2015.0,,0.7337715119047254
53,A320,2015.0,,0.6899686847052605
54,A320,,,0.7459966082757111
55,A320,,,0.7910646857748298
56,A320,,,0.5415761225960726
57,A320,,,0.6869400187593919
58,A320,,,1.0394245133136493
59,A319,,,0.8207467743713037
60,A319,,,0.9079804990182928
61,A319,,,0.8108952165812606
62,A319,,,0.804236462488882
63,A319,,,0.6160487092875045
64,A319,,,0.7578210991429611
65,A319,,,0.4888699252417448
66,A319,,,0.7351893496886982
67,A319,2004.0,156.0,0.5453670178733409
68,A319,2004.0,156.0,0.7995525921629054
72,B738,2005.0,,0.9715711144909004
73,B738,2005.0,,0.8069235975655267
74,B738,2007.0,189.0,1.098183035155513
75,B738,2009.0,189.0,0.7292304825208075
76,B738,,,1.0151010023659213
77,B738,,,0.7970277106178455
78,B738,,,0.7107590202824947
79,B738,,,0.6826413731024954
80,B738,,,0.8062367132058569
81,B738,,,0.9234036606798116
0,A320,2012.0,168.0,0.5151588800996527
7,A319,,,0.7780420320416288
8,A319,2000.0,,0.5893967118301455
9,A319,2000.0,,0.6781345765649116
10,A319,2000.0,,0.8393971667340251
11,A319,2000.0,,0.5525369851019283
12,A319,2001.0,,0.7255401385035064
13,A319,2001.0,,0.7905613137236424
14,A319,2001.0,,0.7258802642888883
15,A319,2001.0,,0.8452938236194396
18,A321,2008.0,,0.9131332249180304
19,A321,2008.0,,0.844727703071022
20,A321,2008.0,,0.9434897880651694
21,A321,2009.0,,0.9232359139767742
22,A321,2009.0,,0.8884746775765358
29,E190,2020.0,100.0,0.5664513040508862
30,E190,2020.0,100.0,0.6872017483448516
31,E190,2020.0,100.0,0.5584636678650962
32,E190,2020.0,100.0,0.5802803407074512
33,E190,2020.0,100.0,0.8142912652064133
34,A320,2011.0,,0.7133851174523658
35,A320,2011.0,,0.5304319004313934
36,A320,2011.0,,0.7170197113180725
37,A319,2008.0,,0.7504061414062329
38,A319,2008.0,,0.9488967145654282
39,A320,,,0.5857699221267598
40,A320,,,0.7514183445624244
41,A320,,,0.5446837658939683
44,E190,2011.0,106.0,0.5962463444569005
45,E190,2011.0,106.0,0.5766155763945215
46,B738,2006.0,,0.6735133158817206
47,B738,2006.0,,0.6603574801169988
2,A319,,,0.8897505300828282
3,A320,2002.0,,0.5848063021887898
4,A320,,,0.6705937506325111
5,A319,2000.0,,0.7971431248748319
6,A319,2000.0,,0.7752177843514391
7,A319,2000.0,,0.736957320880467
14,E190,2020.0,100.0,0.5107081475529308
15,A320,2012.0,,0.5488379215808937
16,A320,2012.0,,0.5718112139274456
19,A320,2010.0,168.0,0.6995236148480185
20,A320,2003.0,,0.7713754939489553
21,A320,,,0.6892921691344267
22,A320,,,0.7217891613430715
23,A320,2017.0,,0.7872002427221236
24,A320,2017.0,,0.675349979032585
25,A319,,,0.7041610697532982
26,A319,,,0.7387242342899255
27,E190,,,0.5072507615700826
28,E190,2011.0,,0.5833681390400682
29,B738,2008.0,189.0,0.6612730967755353
0,A320,,,0.7392661463610294
1,A320,,,0.6708824868547042
2,A320,,,0.727440919182064
3,A320,,,0.7841168423353915
4,B738,2001.0,,0.734348535755129
5,B738,2001.0,,0.7180929661276813
6,B738,2010.0,,0.7561621206759483
7,B738,2010.0,,1.0401722092474344
14,A319,,,0.9612881996429654
15,A319,,,0.7465373828805146
16,A319,,,0.9615627655538648
17,A319,,,0.7276017927913687
18,A319,,,0.7379999893732848
19,A319,,,0.9732767172650508
23,A320,2001.0,,0.7449480065659344
24,A320,,,0.6776727775209647
25,A321,1995.0,,0.8712018798174532
26,A321,1995.0,,0.8577750592623309
27,A321,1995.0,,0.8337455320160498
28,A321,1995.0,,0.8820043822679698
29,A321,1995.0,,0.8495780964467775
30,A321,1995.0,,0.8283573143041055
31,A321,1995.0,,0.8320388251612365
32,A321,1995.0,,0.8724072059823132
33,A321,1995.0,,0.8517806228661461
34,A321,1995.0,,0.8728792777087699
35,A321,1995.0,,0.8563477550575145
36,A319,2000.0,,0.7823764742892516
37,A319,2000.0,,0.768786134506375
38,A319,2000.0,,0.7130690249802778
39,A319,2000.0,,0.7383189070419012
40,A319,2000.0,,0.7718080055388488
41,A319,2001.0,,0.7511020620255849
42,A319,2001.0,,0.7125286193571986
43,A319,2001.0,,0.7223902704359365
49,A321,2008.0,,0.910477476611218
50,A321,2008.0,,0.8778094560707882
51,A321,2009.0,200.0,0.9655406738998136
52,A321,2009.0,200.0,0.7381848949127225
53,A321,2009.0,200.0,0.7255621790289168
54,A321,2009.0,200.0,0.9402605754578264
79,E190,,,0.5286942567846405
80,E190,,,0.7549687050471522
81,E190,,,0.4228967448797475
82,E190,,,0.5069365127406155
83,E190,,,0.6710630158136882
84,E190,2020.0,100.0,0.5650955644689138
85,E190,2020.0,100.0,0.7339437881243877
86,E190,2020.0,100.0,0.5408527964961989
87,A320,2011.0,,0.6601143349937233
88,A320,2011.0,,0.7190370804796673
89,A320,2011.0,,0.7034840432844123
90,A320,2011.0,,0.6825420514091726
91,A320,2011.0,,0.6595015522313374
92,A320,2011.0,,0.6884880196870854
93,A320,2011.0,,0.681425902117079
94,A320,2011.0,,0.6609446466351115
95,A320,2012.0,,0.6798422379711814
96,A320,2010.0,,0.6814680512665101
97,A320,2010.0,,0.7439316806065923
98,A320,2013.0,158.0,0.7448802630043839
99,A320,2013.0,158.0,0.7142672691533329
109,A319,2008.0,,0.7544219138769861
110,A319,2008.0,,1.0456787945194943
111,A319,,,0.6997676191387003
112,A319,2011.0,,1.00153991299447
113,A319,,,0.9551511066095968
114,A319,,,0.7362100564393532
115,A319,1997.0,138.0,0.8934205110599464
116,A319,1997.0,138.0,0.7502292895347215
117,A319,1998.0,138.0,0.7414946315456288
118,A319,1998.0,138.0,0.8442796971965766
119,A320,2009.0,168.0,0.6504531767473609
120,A320,2010.0,168.0,0.9582953718100578
121,B752,1995.0,,1.209844342922424
122,B752,1995.0,,1.4289709767081298
123,A320,2003.0,,0.6843601452961499
124,A320,2008.0,162.0,0.5697329590749752
125,A320,2008.0,162.0,0.546074771135351
126,A320,2014.0,162.0,0.6837009613810416
127,A320,,,0.6548152626775054
128,A320,,,0.633149716017534
129,A320,,,0.722098155686371
130,A320,,,0.6531292889792085
131,A320,,,0.6773678612274112
132,A320,,,0.6782183744649991
133,A319,2008.0,156.0,0.6903915097404483
134,A319,2008.0,156.0,0.7017409578910138
135,A319,2008.0,156.0,1.0383081292883418
136,A320,2015.0,,0.6558299799893198
137,A320,2015.0,,0.7130267560863746
138,A320,2015.0,,0.7260836920669193
139,A320,2015.0,,0.689127873471807
140,A320,2015.0,,0.7704672218665217
141,A320,2015.0,,0.6548584286845476
142,A319,,,0.789870263416394
143,A319,,,0.6876694929417319
144,A319,,,0.7018178787382253
145,A319,,,0.6293684456187976
146,A319,,,0.6066013489292591
147,A319,,,0.599554765342017
148,A319,,,0.6288063639303915
149,A319,,,0.7787808238031053
153,E190,,,0.5166005869062763
154,E190,,,0.5623803691569809
155,E190,,,0.566143164278476
156,E190,,,0.5067878302588023
157,E190,2011.0,,0.5488291570997869
160,A319,2011.0,156.0,0.653320540769604
161,A319,2011.0,156.0,0.5658505755732038
162,B738,2009.0,189.0,0.7588805125028959
163,B738,2009.0,189.0,0.8352463959482164
164,B738,2009.0,189.0,0.6593937906446469
165,B738,2009.0,189.0,0.7008012575419175
0,B738,2012.0,,0.6729782401415765
12,A319,,,0.7812593043488731
13,A319,,,0.9579845345271988
14,A319,,,0.8147138012412657
15,A319,,,1.0603610652985027
16,A319,,,0.9332660482781896
17,A319,,,0.7979366505760096
18,A319,,,0.5551462717933254
19,A319,,,0.4886157662877571
22,A320,,,0.718617203597077
23,A320,,,0.8240384610555276
24,A320,2001.0,,0.7007723455385598
25,A320,2006.0,,0.7544541299232772
26,A320,2006.0,,0.6572978650984491
29,A321,1995.0,,0.950024476474864
30,A321,1995.0,,0.7510079762511294
31,A321,1995.0,,1.0602178468795624
32,A321,1995.0,,0.8295495050305823
33,A321,1995.0,,0.953590936722375
34,A319,2000.0,,0.797891156895658
35,A319,2000.0,,0.7382412633633376
36,A319,2000.0,,0.7469581465191129
37,A319,2001.0,,0.7814528871339979
38,A319,2001.0,,0.4833251679099156
39,A319,2001.0,,0.8755947306198724
42,A321,1999.0,,0.7996763464390837
43,A321,2001.0,,0.7843941489298044
44,A321,2008.0,,0.8927653597452394
45,A321,2008.0,,0.9156174137863028
46,A321,2008.0,200.0,0.9040376342261742
47,A321,2008.0,200.0,0.7453463377850915
48,A321,2008.0,200.0,1.0209818258190746
64,E190,2007.0,,0.7827606917975942
65,E190,2007.0,,0.585333217861745
66,E190,2007.0,,0.6106515900304641
67,E190,,,0.4423448475575434
68,A320,2011.0,,0.7110071012848399
69,A320,2011.0,,0.7553734416069599
70,A320,2011.0,,0.6944125367427895
71,A320,2011.0,,0.7843399371650575
72,A320,2011.0,,0.6664157859405013
73,A320,2011.0,,0.7079605380724648
74,A320,2012.0,,0.6680698433159133
75,A320,2012.0,,0.7572087600845012
77,A319,,,0.8806879905929594
78,A319,,,0.9290739489746292
79,A319,,,0.6982768376655779
80,A319,1997.0,138.0,0.8433876047391851
81,A319,1997.0,138.0,0.8406349747269684
82,A320,2009.0,168.0,0.8773293270759025
83,A320,2010.0,168.0,0.5785129755829661
84,B752,1998.0,178.0,1.1808788616865629
85,B752,1998.0,178.0,1.3692335204851012
87,A320,2002.0,,0.4791827190821582
88,A320,2008.0,,0.7228438300386218
89,A320,2014.0,162.0,0.69083810352849
90,A320,2015.0,,0.5520376705177202
91,A320,2015.0,,0.589057248243757
92,A320,,,0.7626315811981395
93,A320,,,0.6497514115367163
94,A320,2015.0,,0.7791295944223466
95,A320,2015.0,,0.6712354428664128
96,A319,,,0.7616540228730718
97,A319,,,0.7539432284345903
98,A319,,,0.8356644921110793
99,A319,,,0.7493503056101954
100,A319,,,0.6925848193393858
101,A319,,,0.8149362755326914
102,A320,,,0.6695850763580365
103,A320,,,0.7469929520100563
104,A319,,,0.7837310217719913
105,A319,,,0.6341297396960746
106,A319,,,0.7203150396761137
107,A319,2010.0,100.0,0.6136309787823889
108,E190,,,0.6131132643169236
109,E190,,,0.5596526077631492
110,A320,2012.0,180.0,0.8638989225418671
111,A320,2012.0,180.0,0.8721166649920946
112,B738,2005.0,,0.9164374766812616
113,B738,2005.0,,1.030606271961706
114,B738,2007.0,189.0,1.0184998515097017
115,B738,2007.0,189.0,0.7880138045889353
116,B738,2008.0,189.0,0.732592517889508
117,B738,2008.0,189.0,0.6666265635894332
118,B738,2010.0,189.0,0.6481159881601124
119,B738,2010.0,189.0,0.7262325076445824
120,B738,2018.0,189.0,1.220414612025261
121,B738,2018.0,189.0,1.0155872274433673
0,A319,,,0.8008115902662194
0,E190,2014.0,,0.5274818349709
1,E190,2014.0,,0.6909975063528762
2,A320,2012.0,168.0,0.6666414328906759
3,A320,2012.0,168.0,0.8138210258289477
8,B738,,,0.5593616450240166
9,B738,,,0.7504578489077349
12,A319,,,0.9078702586637464
13,A319,,,0.8051334548819039
14,A320,,,0.6849645079874889
15,A320,,,0.8385763023192936
16,A319,,,0.7613281066882315
17,A319,,,0.4894146887685263
18,A319,,,0.6260944758902255
19,A319,,,0.7329128249078908
20,A319,,,0.5858635799006678
21,A320,,,0.551480510213952
22,A320,2002.0,,0.6128862740413482
23,A320,2002.0,,0.5695424686753002
24,A320,2002.0,,0.5519776951283619
25,A320,2002.0,,0.5393916051190967
26,A321,1994.0,,0.9149871391297104
27,A321,1994.0,,0.8951813143514585
28,A321,1995.0,,0.9554894927603976
29,A321,1995.0,,0.8287717863256896
30,A321,,,0.9131086341464648
31,A321,,,0.9371622754955276
32,A319,1999.0,,0.7359135644386232
33,A319,1999.0,,0.7824211059880601
36,A321,2008.0,,0.8646862948549686
37,A321,2008.0,,0.8968154073293478
38,A321,2008.0,,0.8902555780189955
39,A321,2008.0,,0.8565285205960375
40,A321,2008.0,,0.8695420004036013
52,A320,2009.0,,0.7428749294003102
53,A320,2009.0,,0.8976542347534932
54,A320,2010.0,182.0,0.6851846782705175
55,A320,2010.0,182.0,0.7508775193131421
56,A320,2010.0,,0.6755659849546173
57,A320,2010.0,,0.718293716259728
58,A320,2010.0,,0.7106225400369858
59,A320,2011.0,,0.7065781793835377
60,A320,2011.0,,0.7104147872435416
65,A319,1997.0,138.0,0.7741311556062234
66,A319,1997.0,138.0,0.9299216261760902
67,A320,2010.0,168.0,0.7602147102038946
68,A320,2010.0,168.0,0.5324408468177361
69,A320,2010.0,168.0,0.5567861029225852
70,A320,2013.0,168.0,0.6680001920608934
71,A320,2013.0,168.0,0.6706908399637952
72,B752,1995.0,,1.3873527662320848
74,A319,2001.0,132.0,0.7787470240887063
75,A321,2004.0,,0.8805836029204072
76,A319,2007.0,156.0,0.7392076436896814
77,A319,2007.0,156.0,0.8088893905498172
78,A320,,,0.8165208309115299
79,A320,,,0.5714547749635568
80,A320,,,0.6773513850296436
81,A319,2006.0,156.0,0.6871919932463711
82,A319,2006.0,156.0,0.8149335772235861
83,A319,2006.0,156.0,0.8957101949796873
84,A319,2006.0,156.0,0.7156931487020229
85,A319,2006.0,156.0,0.7421708299722933
86,A319,2006.0,156.0,0.7348920860177157
87,A319,,,0.8078911944697618
88,A319,,,0.805536922112439
89,A319,,,0.7893326448880852
90,A319,,,0.7551563172683143
91,A319,,,0.7691794523016127
92,A320,,,0.7181661654415723
93,A320,,,0.7290669049636112
94,A320,,,0.683892012672576
95,A320,,,0.7222077273457532
96,A320,2003.0,180.0,0.5954319971109107
97,A320,2003.0,180.0,0.6960451268738661
98,A320,2003.0,180.0,0.6835688253498795
99,A319,,,0.769002130956611
100,A319,,,0.7456037531013494
101,A319,,,0.791021978616946
102,E190,2012.0,,0.4981352688537034
103,E190,2012.0,,0.4349469271337043
105,B737,2008.0,129.0,0.7539482205885175
106,B737,2008.0,129.0,0.825373449936787
107,E190,2010.0,100.0,0.585157163779075
108,E190,,,0.5995328190110281
109,E190,,,0.6699377700258764
110,B738,2003.0,189.0,0.899256202426653
111,B738,2003.0,189.0,0.750178500615198
112,A320,2011.0,180.0,0.5815041138195125
113,A320,2011.0,180.0,0.4927088228000983
114,B738,2014.0,186.0,1.0462115022585552
115,B738,2014.0,186.0,0.930147226853582
116,B738,2005.0,189.0,0.7235137435880591
117,B738,2005.0,189.0,1.0441304266147489
118,B738,2005.0,189.0,0.8542313823269831
119,B738,2005.0,189.0,0.9035111003204284
120,B738,2007.0,189.0,0.8830236594931635
121,B738,2007.0,189.0,0.8103747025278498
122,B738,2009.0,189.0,0.65360283460102
123,B738,2009.0,189.0,0.7513586387294428
124,B738,2012.0,189.0,0.7443291919921736
125,B738,2012.0,189.0,0.7864159648938824
126,B738,2017.0,189.0,0.5576845478729858
127,B738,2017.0,189.0,0.6999945079759158
128,B738,2017.0,189.0,0.535465779726109
129,B738,2017.0,189.0,0.6529181460428102
130,B738,2017.0,189.0,0.6551521189242114
131,B738,2017.0,189.0,0.6984751640809921
132,B738,2017.0,189.0,0.7545834709845551
0,B738,2006.0,162.0,0.8194136076864563
1,B738,2006.0,162.0,0.6967412386344148
2,A320,2013.0,145.0,0.6368100077627781
3,A320,2013.0,145.0,0.8080369399639413
4,A320,2001.0,,0.6481908901135431
5,A320,2001.0,,0.6900440272546875
7,B738,,,0.6567804350154731
8,B738,,,0.6846036167955032
11,A320,2013.0,,0.6906220060695383
12,A320,2013.0,,0.7075063038501418
13,A319,,,0.8041688011249127
14,A319,,,0.7349018276379906
15,A320,,,0.7029893816066772
16,A320,,,0.6912062351635981
17,A319,,,0.6198236417890588
18,A319,,,0.6279922908610891
19,A319,,,0.7560295497232267
20,A319,,,0.754657169436747
21,A319,,,0.6850029485797566
22,A320,,,0.7904168491905738
23,A320,,,0.7651987274419563
26,A321,1994.0,,0.9083596813434988
27,A321,1995.0,,0.8565773042494578
28,A321,1995.0,,0.9236251188166568
29,A321,1995.0,,0.8048195247110163
30,A321,1995.0,,0.9503322827101808
32,A321,2008.0,,0.8246685611179436
33,A321,2009.0,,0.8644441050719258
34,A321,2009.0,,0.8459213054604184
48,A320,2010.0,,0.6842927816851041
49,A320,2010.0,,0.5671707265112873
50,A320,2010.0,,0.6656728261836405
51,A320,2010.0,,0.676094638651387
52,A320,2011.0,,0.6604206831133311
53,A320,2011.0,,0.6894619636794665
54,A320,2011.0,,0.6766100606663528
55,A320,2011.0,,0.5579817834672683
56,A320,2011.0,,0.5777939084244301
57,A320,2011.0,,0.741290253190702
58,A320,2011.0,,0.7065019321859938
59,A320,2011.0,,0.6334171253677567
62,B738,,,0.789916074187021
63,B738,,,0.6607268628299994
66,A319,,,0.6971185803343365
67,A319,,,0.8876255586051681
68,A320,2014.0,168.0,0.7112994107497038
69,A320,2010.0,168.0,0.6839250632058204
70,A320,2010.0,168.0,0.6676050304470996
71,A320,2010.0,168.0,0.851894083930171
72,A320,2012.0,168.0,0.6232606242059592
73,A320,2012.0,168.0,0.8925197932550132
74,A320,2013.0,168.0,0.6131729454090723
75,A319,2006.0,156.0,0.7392737514983667
76,A319,2006.0,156.0,0.749703301276177
77,A320,2008.0,,0.6879988062023943
78,A320,2008.0,,0.7172902591984159
79,A320,2008.0,162.0,0.7364316985285516
80,A320,,,0.7323582186171873
81,A320,,,0.66893140986014
82,A320,,,0.6967131998254007
83,A320,,,0.6746788767159209
84,A320,,,0.73482517812178
85,A320,,,0.7502922929736919
86,A320,,,0.5843698846554792
87,A319,2006.0,156.0,0.6979472514983212
88,A319,2006.0,156.0,0.7322045863366063
89,A319,2006.0,156.0,0.7908288372263398
90,A319,2006.0,156.0,0.7055742446959741
91,A319,2006.0,156.0,0.7901743812350606
92,A319,2006.0,156.0,0.7054279705857557
93,A319,2006.0,156.0,0.6777322336437274
94,A319,2006.0,156.0,0.6316973958290495
95,A319,,,0.7237303908607718
96,A319,,,0.6291952816220432
97,A319,,,0.732126464160878
98,A319,,,0.7298866730530283
99,A319,,,0.7355998330880155
100,A319,,,0.7804996213140607
101,A320,,,0.6574734915308493
102,A320,,,0.7345699458806667
103,A320,,,0.6550585637540283
104,A320,,,0.7066072811265294
105,A320,,,0.7599486477270783
106,A320,,,0.6557097492512929
107,A319,2004.0,156.0,0.6060787494847004
108,A320,2008.0,168.0,0.7775791111586687
109,A320,2008.0,168.0,0.6709773077395805
110,A319,0.0,,0.7529533553843304
111,E190,,,0.4667534319841941
112,B737,2010.0,129.0,0.7119201168373924
113,B737,2010.0,129.0,0.6885647308788176
114,E190,,,0.5112828947253025
117,E190,2011.0,,0.5267596418390313
118,E190,2012.0,,0.4802691463895276
119,E190,2012.0,,0.5838244462673823
120,E190,2012.0,,0.4600962029198351
121,E190,2012.0,,0.5547293544437893
124,A320,2017.0,186.0,0.5381123758799118
125,A320,2017.0,186.0,0.5637978293610333
126,B738,2014.0,151.0,0.5384446128183797
127,B738,2014.0,151.0,0.6432684156431998
128,B738,2007.0,189.0,0.6919295561702294
129,B738,2007.0,189.0,0.6708430652835902
130,B738,2010.0,189.0,0.7746384751212555
131,B738,2010.0,189.0,0.8428094776891809
132,B738,2012.0,189.0,0.7065209490533098
133,B738,2012.0,189.0,0.697554360044897
136,B738,2017.0,189.0,0.7121783431762171
137,B738,2017.0,189.0,0.7980223754429576
138,B738,2017.0,189.0,0.8575802267583397
139,B738,2017.0,189.0,0.6456929420733719
140,B738,2017.0,189.0,0.6830934968329437
141,B738,2017.0,189.0,0.7549807303113857
142,B738,2017.0,189.0,0.883915809466358
143,B738,2017.0,189.0,0.8685719315387888
0,B738,2007.0,142.0,0.7144262958781624
1,A320,2011.0,182.0,0.5928948531566007
2,A320,2011.0,182.0,0.5740616983622895
3,A320,,,0.5464043469250196
4,A320,,,0.7686040512831683
5,B738,2001.0,,0.8269335440666618
6,B738,2001.0,,1.1929416657174832
7,B738,2015.0,,0.5853390838911727
8,B738,2015.0,,0.6792374775232431
11,A320,2003.0,,0.7190198041405736
12,A320,2003.0,,0.7336740139832529
13,A320,2003.0,,0.5862240224357476
16,A319,,,0.627502138353094
17,A319,,,0.7251580046074982
18,A319,,,0.7891442917627249
19,A319,,,0.9322954720591572
20,A319,,,0.6301883241121381
21,A319,,,0.7241970582377315
22,A320,,,0.6828260587458814
23,A320,,,0.7327995620986933
24,A319,,,1.005493680091822
25,A319,,,0.5463183841798607
26,A319,,,0.8731365334330743
27,A319,,,0.9147471681680344
28,A320,,,0.6968513376239486
29,A320,,,0.5633454836118237
30,A320,,,0.7256215150809302
31,A320,,,0.5649379222185076
32,A320,2002.0,,0.7138333163346483
33,A320,2002.0,,0.6738804431339154
34,A320,2002.0,,0.6687383292961441
35,A320,2009.0,,0.6914467359125319
36,A321,1994.0,,0.9087800218216356
37,A321,1994.0,,0.97301885571743
38,A321,1994.0,,0.8739464922389447
39,A321,1994.0,,1.0042462779061838
40,A321,1994.0,,0.8524571404167365
41,A321,1995.0,,0.8329116780647511
42,A321,1995.0,,0.8782506108420314
43,A321,1995.0,,0.8367034063386193
44,A321,1995.0,,0.955469488071376
45,A319,2000.0,,0.8083040720380076
46,A319,2000.0,,0.6958243494241176
47,A319,2000.0,,0.782599960702269
48,A319,2000.0,,0.9988946181647164
49,A319,2000.0,,0.8101347825466231
50,A319,2000.0,,0.7289821182035918
51,A319,2000.0,,0.7026559627546667
52,A319,2000.0,,0.8055607657478246
58,A321,2008.0,,0.9138731079563563
59,A321,2008.0,,0.8551361469280534
60,A321,2009.0,200.0,0.8541223719450441
61,A321,2009.0,200.0,0.9640164039702718
62,A321,2010.0,,0.8929996968557842
74,A320,2010.0,,0.8734195336661794
75,A320,2010.0,,0.7347490735286224
76,A320,2010.0,,0.6520966298208266
77,A320,2011.0,,0.7518929823898158
78,A320,2011.0,,0.7178123088557462
79,A320,2011.0,,0.6656053664237375
80,A320,2011.0,,0.6611314679556803
81,A320,2011.0,,0.7097360121598945
82,A320,2011.0,,0.7040417728294955
83,A320,2011.0,,0.6778401412764373
84,A320,2011.0,,0.7421571988590728
85,A320,2011.0,,0.6715807506594749
86,B738,,,0.850792535823771
95,A319,2010.0,,0.7949854571728547
96,A319,2010.0,,0.9622033175755816
101,A320,2014.0,168.0,0.8407722552148987
102,A320,2009.0,168.0,0.7270607608857615
103,A320,2010.0,168.0,0.7593181245641373
104,B752,1998.0,,1.3150656280484945
105,B752,1998.0,,1.4787678423445632
106,A320,2003.0,,0.6806508473854509
107,A320,2008.0,162.0,0.769877695638144
108,A320,2010.0,162.0,0.5768727244482655
109,A320,2010.0,162.0,0.5858620065223246
112,A320,,,0.6798277974993046
113,A320,,,0.5813667899506432
114,A320,,,0.6678365607860588
115,A320,,,0.7404827657168375
116,A320,,,0.7057679603957726
117,A320,,,0.6487425669123092
118,A320,,,0.7465670752396806
119,A319,2006.0,156.0,0.7805887407630446
120,A319,2006.0,156.0,0.7568707405239361
121,A319,2006.0,156.0,0.9032821441545476
122,A319,2006.0,156.0,0.7229325028061082
123,A319,2006.0,156.0,0.8050237620558582
124,A319,2006.0,156.0,0.7374789643353071
125,A319,2006.0,156.0,0.7346350609107619
126,A319,2006.0,156.0,0.7696704121165422
127,A320,,,0.6863938187247907
128,A320,,,0.7317191644694568
129,A320,,,0.7085743429679398
130,A320,,,0.8262912278371621
131,A320,,,0.7020064079528079
132,A320,,,0.7702044612633168
133,A319,,,0.7480864584532109
134,A319,,,0.7513695091225818
135,A319,,,0.7036828220986648
136,A319,,,0.8199891599759683
137,A319,,,0.7001131130674285
138,A319,,,0.7311646439532054
139,A320,,,0.8039024867105886
140,A320,,,0.7097333825027989
141,A320,,,0.6770313394351819
142,A320,,,0.762158786193558
143,A319,,,0.7605984384784069
144,A319,,,0.8065440716105772
145,A319,,,0.7047056006539955
146,A319,,,0.906212366367182
147,A320,,,0.6618055699307842
148,A319,2004.0,156.0,0.6357034817615476
149,B739,2001.0,189.0,0.7609911117206252
150,B739,2001.0,189.0,0.9242814895264372
151,E190,,,0.5677119662636653
152,E190,,,0.5495564920124895
153,E190,,,0.5604842900732229
154,E190,,,0.5496348718792784
155,E190,2011.0,,0.4624783344139391
156,E190,2011.0,,0.620064396489397
157,E190,2012.0,106.0,0.5780907027495941
158,E190,2012.0,106.0,0.5158737084168113
159,E190,2012.0,106.0,0.4610970785184273
160,A320,,,0.7206244978169368
161,A320,,,0.5743804836098464
162,A320,,,0.8820954786263694
165,B738,2007.0,189.0,0.8103455154059424
166,B738,2007.0,189.0,0.8683868347517937
167,B738,2009.0,189.0,0.6929428004204329
168,B738,2009.0,189.0,0.7014537832004494
169,B738,2010.0,189.0,0.7669032128437645
170,B738,2010.0,189.0,0.9122953731374864
171,B738,2010.0,189.0,0.774306672412225
172,B738,2010.0,189.0,0.8945875603112711
173,B738,2010.0,189.0,0.7597181389449289
174,B738,2010.0,189.0,0.941074544112091
177,B738,2015.0,,1.0240403922053192
178,B738,2015.0,,0.8560188073277971
179,B738,2017.0,189.0,0.7349907116048516
180,B738,2017.0,189.0,0.909808605154062
181,B738,2017.0,189.0,0.8257936809537848
182,B738,2017.0,189.0,0.8064324023165904
183,B738,2017.0,189.0,0.7308001135543748
184,B738,2017.0,189.0,0.8728226575226081
185,B738,2017.0,189.0,1.0150249512812977
186,B738,2017.0,189.0,0.9390257791209852
0,A320,,,0.6545392196769938
1,A320,,,0.8293123306297621
2,A319,2007.0,106.0,0.7094784492237857
3,A319,2007.0,106.0,0.8359699136152247
6,B738,2011.0,,0.6369728063437246
7,B738,2011.0,,0.6719519609546623
10,A320,2006.0,,0.6367392814048687
11,A320,2006.0,,0.7791420822319403
12,A320,2001.0,140.0,0.6792224261538521
13,A320,2001.0,140.0,0.6958510267320344
16,A319,,,0.5982621916891987
17,A319,,,0.688812193165979
18,A319,,,0.9244198280072335
19,A319,,,0.76842953620995
20,A319,,,0.8549095063702326
21,A319,,,0.8088882673045518
23,A320,2002.0,,0.7398669525926482
24,A320,2003.0,165.0,0.5013400510512573
25,A320,2003.0,165.0,0.7546087361832103
26,A320,2009.0,,0.68685755951604
31,A321,1994.0,,0.9515713782782904
32,A321,1994.0,,0.8124962692601095
33,A321,1994.0,,0.9078084724111488
34,A321,1994.0,,0.832707123277892
35,A321,1994.0,,0.9942224627951504
36,A321,1995.0,,0.8782983618890754
37,A321,1995.0,,0.9497812339240796
38,A321,,,0.8570951199741313
39,A321,,,0.9464194830750444
40,A321,,,0.8846404719573837
41,A319,2000.0,,0.7371041694844785
42,A319,2000.0,,0.6905469066185252
43,A319,2000.0,,0.8740016509860837
44,A319,2000.0,,0.7418538492193154
48,A321,2008.0,,0.8163316555045079
49,A321,2008.0,,0.8746078968195953
50,A321,2008.0,,0.9109572964137638
51,A321,2008.0,,0.8919462324619933
52,A321,2008.0,,0.9820711934490016
70,A320,2010.0,,0.6260721391957749
71,A320,2011.0,,0.7798680453418194
72,A320,2011.0,,0.7194295818088883
73,A320,2011.0,,0.7100646014128625
74,A320,2011.0,,0.7040212353209436
75,A320,2011.0,,0.71285762721185
76,A320,2011.0,,0.7108893453364901
77,A320,2011.0,,0.7414482924354082
78,A320,2011.0,,0.6811787260765643
79,A320,2011.0,,0.6766241060698571
80,A320,2011.0,,0.6650336288963129
81,A320,2011.0,,0.7878502056026742
82,A320,2011.0,,0.6696082024490982
85,A320,2013.0,,0.691870494083697
86,A320,2013.0,,0.6968943011549042
97,A319,1996.0,138.0,0.7073349634668994
98,A319,1996.0,138.0,0.9866249566750164
99,A319,1997.0,138.0,0.5385085573480487
100,A319,1997.0,138.0,0.6336428342678223
103,A320,2015.0,,0.5561848853115589
104,A320,2015.0,,0.5509478210359905
105,A320,2009.0,168.0,0.8547758528932413
106,B752,1996.0,249.0,1.2988253320553995
107,B752,1996.0,249.0,1.3775732169725008
110,A320,2003.0,,0.7518142646507412
111,A320,2001.0,180.0,0.5964051619887898
112,A320,2001.0,180.0,0.5839943403713284
114,A319,2006.0,156.0,0.8106516387518572
115,A319,2006.0,156.0,0.7130237670434012
116,A319,2006.0,156.0,0.711615489645369
117,A319,2006.0,156.0,0.6880660514494797
118,A319,2006.0,156.0,0.7827707219965687
119,A319,2006.0,156.0,0.7783073001152186
120,A320,,,0.5275648260011846
121,A320,,,0.6465068123349942
122,A319,,,0.727381424961985
123,A319,,,0.769633683037027
124,A319,,,0.9382565957207036
125,A319,,,0.93910220709273
126,A319,,,0.7435490201313676
127,A319,,,0.7417045563709181
128,A319,,,0.808378925157198
129,A319,,,0.6993334396548869
130,A320,,,0.5736031883552374
131,A320,,,0.5586461453100411
132,A320,2015.0,,0.5833801582625633
133,A320,2015.0,,0.5349216359391977
134,A320,,,0.6757250953630479
135,A320,,,0.788580150782689
136,A320,,,0.5512373758755835
137,A320,,,0.5824794697440583
138,A320,,,0.6907049368303952
139,A320,,,0.7202644984064447
140,A319,,,0.7665005522317572
141,A319,,,0.8203550223392524
142,A319,,,0.7952808842914062
143,A320,,,0.8048869765887651
146,B737,2008.0,129.0,0.6219855185594386
147,B737,2008.0,129.0,1.0959106869624529
148,E190,,,0.5733383576891224
149,E190,,,0.5400742395964483
150,E190,,,0.4635517092598485
151,E190,,,0.4187481821870948
152,E190,2011.0,106.0,0.5980999552621098
153,E190,2011.0,106.0,0.5236425762409275
154,B738,2009.0,189.0,0.7584452205562264
155,B738,2009.0,189.0,0.87110936590301
156,B738,2009.0,189.0,0.6908127497452676
157,B738,2009.0,189.0,0.6118414372242843
158,B738,2010.0,189.0,0.7686482039506104
159,B738,2010.0,189.0,0.9056403155764114
160,A320,2011.0,182.0,0.7880254673426116
161,A320,2011.0,182.0,0.669455311512918
162,B738,2012.0,189.0,0.7896450400096113
163,B738,2012.0,189.0,0.9125137938475496
164,B738,2012.0,189.0,0.805796119123669
165,B738,2012.0,189.0,0.950148792503382
168,B738,2016.0,,0.6213572268260055
169,B738,2016.0,,0.66407218513549
170,B738,2017.0,189.0,0.9339589597320328
171,B738,2017.0,189.0,0.659045541916944
172,B738,2017.0,189.0,0.7553116769457843
173,B738,2017.0,189.0,0.6240169955096002
174,B738,2017.0,189.0,0.6795082833932883
175,B738,2017.0,189.0,0.7304464971987537
176,B738,2017.0,189.0,0.9244209185975892
177,B738,2017.0,189.0,0.7136020020724418
0,B738,2006.0,162.0,0.6684382220529047
1,E190,2014.0,96.0,0.4537131868169959
2,A320,2013.0,145.0,0.6439927426888494
3,A320,2013.0,145.0,0.7417842322130211
4,B738,2000.0,,0.6443357123390256
5,B738,2000.0,,0.6898984699631988
6,A320,2013.0,178.0,0.7117021587589354
7,A320,2013.0,178.0,0.7752812476124844
8,A320,1999.0,,0.7291279264154733
9,A320,1999.0,,0.8037106254995231
12,A319,,,0.8132762264862761
13,A319,,,0.6320855738465048
14,A319,,,0.8187683228366434
15,A319,,,0.7642575962529163
16,A320,,,0.6389484099446675
17,A320,,,0.7468941746205652
21,A321,1994.0,,0.8358533449880519
22,A321,1994.0,,0.927954986015538
23,A321,1994.0,,0.9085403908334336
24,A321,,,0.9439119111541976
25,A321,1995.0,,0.8420591827562003
26,A321,1995.0,,0.9755998205968076
27,A319,2000.0,,0.7895439154554269
28,A319,2000.0,,0.709531564552475
29,A319,2000.0,,0.8190791405270759
30,A319,2000.0,,0.8221893376219561
31,A319,2001.0,,0.7310905406988684
32,A319,2001.0,,0.6403037564761149
33,A319,2001.0,,0.7687879465943696
34,A319,2001.0,,0.8356521932006667
35,A321,2009.0,,0.8454575758052626
36,A321,2009.0,,0.86018778586677
37,A321,2009.0,,0.9821085139665174
38,A321,2010.0,,0.8339581323966136
56,A320,2010.0,182.0,0.7549217976848243
57,A320,2010.0,182.0,0.571279511863337
58,A320,2010.0,182.0,0.7196733048972163
59,A320,2010.0,182.0,0.6505005788771898
60,A320,2010.0,182.0,0.6729620119871886
61,A320,2010.0,182.0,0.5773585425217291
62,A320,2011.0,,0.7677393396365152
63,A320,2011.0,,0.6643790386847208
64,A320,2011.0,,0.6543655565201767
65,A320,2011.0,,0.8478780720304463
66,A320,2011.0,,0.6459251452936986
67,A320,2011.0,,0.6685735788983305
68,A320,2011.0,,0.6679883986484944
69,A320,2011.0,,0.6984918222863665
70,A320,2011.0,,0.7009832777979327
71,A320,2011.0,,0.668259134475064
72,A320,2011.0,,0.6964283619703777
73,A320,2011.0,,0.7424181028319636
74,A320,2011.0,,0.6525558496981145
75,A320,2011.0,,0.6537600620380278
94,A319,1996.0,138.0,0.7184053662595352
95,A319,1997.0,138.0,0.7613017961040922
96,A319,1997.0,138.0,0.7827876683144428
99,A320,2010.0,168.0,0.6954299735433337
100,A320,2010.0,168.0,0.5709512631395137
101,B752,,,1.3268010494137283
102,B752,,,1.5497568913485815
106,A321,2005.0,2.0,0.8723323757646876
107,A319,2006.0,156.0,0.6102179798134864
108,A319,2006.0,156.0,0.650668368424394
109,A320,2007.0,,0.6648531120205636
110,A320,2007.0,,0.7120835187453666
112,A320,,,0.7995020062853746
113,A320,,,0.6491345135057403
114,A320,,,0.6680985747388208
115,A320,,,0.7611099183076411
116,A319,2006.0,156.0,0.8012596104197249
117,A319,2006.0,156.0,0.578584745044555
118,A319,2006.0,156.0,0.7754446753793387
119,A319,2006.0,156.0,0.7207035486895399
120,A319,2006.0,156.0,0.7301237608498211
121,A319,2006.0,156.0,0.6325184721879603
122,A320,,,0.6596915601153331
123,A320,,,0.6763967088195851
124,A319,,,0.6808987499206989
125,A319,,,0.8004350231436498
126,A319,,,0.8441164748229744
127,A319,,,0.8943149348883892
128,A319,,,0.7431290711257652
129,A319,,,0.75512893080355
130,A319,,,0.7431625834862383
131,A319,,,0.7290205763605949
132,A320,,,0.6999138671077428
133,A320,,,0.7576864552096193
134,A320,,,0.6719851939650079
135,A320,,,0.7439060448692588
136,A320,,,0.70016523819519
137,A320,,,0.919108715893554
138,A319,,,0.7181859351855784
139,A319,,,0.7141116273911635
140,A319,,,0.7717783589813062
141,A319,,,0.7787765956247203
142,E190,,,0.5965069483523507
143,E190,,,0.4876938089507072
144,E190,,,0.5238244168007608
145,E190,,,0.6216710767301551
146,E190,2011.0,106.0,0.4726547119544003
147,E190,2011.0,106.0,0.4899090546525763
148,E190,2011.0,,0.5187874881772986
149,E190,2011.0,,0.556559091863603
150,E190,2011.0,,0.5324052721448663
151,A321,2013.0,,0.9272758072481234
152,A321,2013.0,,0.8837162326653785
153,B738,2005.0,,0.7900450208749583
154,B738,2005.0,,0.8149834522418368
155,B738,2009.0,189.0,0.6708661249686413
156,B738,2009.0,189.0,0.693158496608629
157,B738,2009.0,189.0,0.8103449820069846
158,B738,2009.0,189.0,0.8030966801436684
159,B738,2010.0,189.0,0.6164466539242077
160,B738,2010.0,189.0,0.6373014093119943
161,B738,2010.0,189.0,0.7887445280032062
162,B738,2010.0,189.0,0.8441999725351879
163,B738,,,0.8454874827784271
164,B738,,,0.8446360790144284
165,B738,2017.0,189.0,0.9689433456205208
166,B738,2017.0,189.0,0.7170164110691554
167,B738,2017.0,189.0,0.7406480297516858
168,B738,2017.0,189.0,0.7385697706175289
169,B738,2017.0,189.0,0.6303803149323028
170,B738,2017.0,189.0,0.8488251363568529
171,B738,2017.0,189.0,0.9000766178153629
172,B738,2017.0,189.0,0.7015437213784402
0,B738,,,0.8425689746999566
1,A320,2011.0,182.0,0.5827129103442872
2,A320,2011.0,182.0,0.606897676838103
3,A320,2011.0,182.0,0.6607841921334096
4,B738,,,0.6064555984166201
5,B738,,,0.6701862341521322
6,B738,2016.0,,0.6868780401876394
7,B738,2016.0,,0.7610462418227008
8,B738,2016.0,,0.9852221696327378
9,A320,2002.0,,0.6886893236323322
10,A320,2002.0,,0.8082966769282026
13,A319,,,0.7084466201477824
14,A319,,,0.833798826998938
15,A320,,,0.6353334654279952
16,A320,,,0.7180569535727852
17,A319,,,0.6372494459773328
18,A319,,,0.5647355078570142
19,A319,,,0.619308554174818
20,A319,,,0.5595329232648599
21,A319,,,0.6428426196539364
22,A319,,,0.5929251686742516
23,A320,,,0.8364699204016195
24,A320,,,0.6649858955501687
25,A320,,,0.5737412582937239
28,A321,1994.0,,1.0373489641979907
29,A321,1994.0,,0.6195858725314716
30,A321,1994.0,,0.8190892571037073
31,A321,1994.0,,0.8453748183860865
32,A321,1994.0,,0.6916239185997208
33,A321,,,0.7421951096833366
34,A321,,,0.738014442198262
35,A321,1995.0,,0.8232481472628053
36,A321,1995.0,,0.9274810948909394
37,A321,1995.0,,0.6898757068846849
38,A321,1995.0,,0.7364547377300391
39,A319,1999.0,,0.6883339364436186
40,A319,1999.0,,0.7737681682293618
41,A319,2000.0,,0.731899749411878
42,A319,2001.0,,0.9688909441762156
46,A321,2002.0,,0.8604704218620686
47,A321,2009.0,,0.8177305386122569
61,B738,2008.0,,0.6658016471435195
62,B738,2008.0,,0.89551932685473
67,A320,2010.0,182.0,0.8093681891013453
68,A320,2010.0,182.0,0.7060471205500204
69,A320,2010.0,182.0,0.6964045784210556
70,A320,2010.0,,0.7219200935253413
71,A320,2011.0,,0.7878464912729273
72,A320,2011.0,,0.705351884006481
73,A320,2011.0,,0.5705216539378327
74,A320,2011.0,,0.6759722316698175
75,A320,2011.0,,0.7783650926865702
76,A320,2011.0,,0.7138803287899083
77,A320,2011.0,,0.6421162109352584
78,A320,2011.0,,0.5494214787359236
79,A320,2011.0,,0.6745348652563757
80,A320,2011.0,,0.6560577389596901
81,A320,2011.0,,0.7477671940177717
82,A320,2011.0,,0.6543588888523058
83,A320,2011.0,,0.8085961414287228
92,A319,,,0.7090254467536083
93,A319,2012.0,,0.5381675057623586
94,A319,2012.0,,0.6110673961445464
95,A319,,,0.6263826822737889
96,A319,,,0.5714192259662929
97,A319,1996.0,138.0,0.7723044231190848
98,A319,1996.0,138.0,0.8236580990200739
99,A319,1996.0,138.0,0.8337789102088785
100,A319,1997.0,138.0,0.7033786925030638
101,A320,2000.0,168.0,0.5804233963448302
102,A320,2000.0,168.0,0.7055017814208223
103,A320,2000.0,168.0,0.7335544090518491
104,A320,2014.0,,0.7018453524309012
105,A320,2014.0,,0.9086766104345586
106,A320,2010.0,168.0,0.9007320244204196
107,B752,1998.0,,1.350023050118229
108,B752,1998.0,,1.394015296528733
111,A320,2003.0,,0.673747272481154
112,A321,2005.0,2.0,0.9359278679070356
113,A319,,,0.9391878833021986
114,A319,,,0.6925514643278896
115,A320,2014.0,,0.6539691349177884
116,A320,2014.0,,0.7596235089832899
117,A320,2014.0,,0.5793389162864887
119,A320,,,0.6958814019942877
120,A320,,,0.9841799650143028
121,A320,,,0.5398879251190061
122,A320,,,0.5863720022502444
123,A320,,,0.548650813774387
124,A319,2006.0,156.0,0.9007168462043326
125,A319,2006.0,156.0,0.7080390060353259
126,A319,2006.0,156.0,0.6009777493820723
127,A319,2006.0,156.0,0.7066206166275203
128,A319,2006.0,156.0,0.6401750212778966
129,A319,2006.0,156.0,0.8367601991981614
130,A319,,,0.6897337897631627
131,A319,,,0.7779945656137964
132,A319,,,0.7756573401658051
133,A319,,,0.7432819716104069
134,A319,,,0.6743549669477136
135,A319,,,0.6364631123090887
136,A319,,,0.6100340249137125
137,A319,,,0.7142638268607602
138,A320,,,0.8016161589622731
139,A320,,,0.741171608823926
140,A320,,,0.6938162190161459
141,A320,,,0.9257404763312548
142,A320,,,0.5875287708367779
143,A320,,,0.5902372594456378
144,A320,,,0.5496979383267042
145,A320,,,0.7737525360639581
146,A320,,,0.6414902046282935
147,A320,,,0.8181454032017458
148,A319,,,0.8121966247866601
149,A320,,,0.6859139199630963
150,A319,2010.0,100.0,0.6816587540585571
151,A319,2010.0,100.0,0.8960532807027365
152,A319,2007.0,,0.5967380347163083
153,A319,2007.0,,0.6434369643414671
156,E190,,,0.5225514399458896
157,E190,,,0.6178955907946033
158,E190,,,0.4723103469485936
159,E190,,,0.4850228312925253
160,E190,,,0.5724871166377482
161,E190,2011.0,106.0,0.5378005830747242
162,E190,2011.0,,0.6268966372458717
163,A320,2005.0,182.0,0.7531491861389107
164,A320,2005.0,182.0,0.6688712247871944
165,B738,2006.0,189.0,0.7552700424952414
166,B738,2006.0,189.0,0.9466987877384824
167,B738,2007.0,189.0,0.8498465033701853
168,B738,2007.0,189.0,0.7523686949976803
169,B738,2010.0,189.0,0.8111711070146057
170,B738,2010.0,189.0,0.9234435293201916
171,B738,2011.0,149.0,0.7300854845039534
172,B738,2011.0,149.0,0.9338077041624916
173,B738,2018.0,189.0,0.6260219615291166
174,B738,2018.0,189.0,0.6784612130032207
175,B738,2017.0,189.0,0.6545990800704635
176,B738,2017.0,189.0,0.9299644018267154
177,B738,2017.0,189.0,0.9337107390476465
178,B738,2017.0,189.0,0.8065424570455307
179,B738,2017.0,189.0,0.6055437382069242
180,B738,2017.0,189.0,0.730996249783325
181,B738,2017.0,189.0,0.8970712944655235
182,B738,2017.0,189.0,0.806990664841573
183,A320,,,0.7184544486664585
184,A320,,,0.8204517589158055
185,B737,2002.0,149.0,0.8772335358377923
0,B738,2006.0,,0.6571938498133783
1,A320,2011.0,163.0,0.6688903423165656
2,A320,2011.0,163.0,0.78242863765984
3,B738,2005.0,,0.6934656279384434
4,B738,2005.0,,0.7190323631213669
5,B738,2005.0,,0.9690401473854946
6,B738,2011.0,,0.7621115390034087
7,B738,2011.0,,0.9107186630766316
8,A320,2013.0,,0.6647926330887641
9,A320,2013.0,,0.7486680950170385
14,A319,,,0.7156888328649901
15,A319,,,0.6680416324206525
16,A319,,,0.8522854621760827
17,A319,,,0.6175416516786166
18,A319,,,0.8090388208860733
19,A319,,,0.7492126875914776
20,A319,,,0.6723835119640053
21,A319,,,0.6758418679348518
22,A319,,,0.866966669514045
23,A319,,,0.7766814767189396
24,A319,,,0.709392406853067
25,A319,,,0.8250248760818198
26,A320,,,0.8313987492618107
27,A320,,,0.757548267148958
29,A321,1995.0,,0.9459368779007544
30,A321,1995.0,,0.8691871941783141
31,A321,,,0.877190364424902
32,A321,,,0.8615218412074873
33,A321,,,0.849889529318571
34,A321,,,0.9230830959581144
35,A321,,,0.8874421694395931
36,A321,,,0.8864151534439456
37,A321,,,0.8563657091014713
38,A321,1995.0,,0.9019768159027304
39,A321,1995.0,,0.8756453128839542
40,A319,1999.0,138.0,0.7215683325257296
41,A319,1999.0,138.0,0.7618492885474425
42,A319,2000.0,,0.7960613078587341
43,A319,2000.0,,0.7548238107994999
44,A319,2000.0,,0.7317371692618183
45,A319,2001.0,,0.6862818993708041
46,A319,2001.0,,0.6953914999435322
47,A319,2001.0,,0.6805775392057934
52,A321,2008.0,,0.849236432727372
53,A321,2008.0,,0.951854583446024
54,A321,2008.0,,0.8853561529913668
55,A321,2008.0,,0.9728080257464924
56,A321,2008.0,,0.9117256986589438
57,A321,2008.0,,0.9021859171419347
58,A321,2008.0,,0.8367495618304416
59,A321,2008.0,,0.8937451756193148
60,A321,2008.0,,1.0749197872224394
61,A321,2008.0,,0.9066362003933796
62,A321,2008.0,,0.879042130868685
82,A320,2010.0,182.0,0.6750354347378554
83,A320,2010.0,182.0,0.6913866106661432
84,A320,2010.0,182.0,0.6892040658175473
85,A320,2010.0,182.0,0.7293513667515708
86,A320,2011.0,,0.7254947218818637
87,A320,2011.0,,0.722388776983587
88,A320,2011.0,,0.7054135242617569
89,A320,2011.0,,0.6822527669567788
90,A320,2011.0,,0.5549650857341054
91,A320,2011.0,,0.567770645461265
92,A320,2011.0,,0.6841137582421194
93,A320,2011.0,,0.5672351803517676
94,A320,2011.0,,0.6929046421971741
95,A320,2012.0,,0.6696015339200198
96,A319,,,0.7635642060230987
100,A319,,,0.7737460823994364
101,A319,2010.0,,0.7673841038226188
102,A319,2010.0,,0.8148255950581887
103,A319,2011.0,,0.9539136288601324
104,A319,,,0.830259406308882
105,A319,,,0.7492402256174295
108,A319,1996.0,138.0,0.8177796897912174
109,A319,1996.0,138.0,0.901073749383527
110,A320,2013.0,168.0,0.6862367246293064
111,A320,2013.0,168.0,0.7746455920283923
112,A320,2010.0,168.0,0.7162716419298897
113,A320,2010.0,168.0,2.2450676209388583
114,B752,,,1.324832386486534
115,B752,,,1.5327386145900124
117,A319,2001.0,126.0,0.7286446592816994
118,A319,2001.0,126.0,0.8153237164962402
119,A319,2005.0,130.0,0.8246865945491478
120,A319,2006.0,156.0,0.8326445165933315
121,A319,2006.0,156.0,0.771437081569993
122,A320,2011.0,162.0,0.6798607733623494
123,B738,2001.0,189.0,0.7798754070006848
124,B738,2001.0,189.0,0.7814351853779474
125,B738,2001.0,189.0,0.6947799111101756
127,A320,,,0.7798460829164955
128,A320,,,0.5785056876114334
129,A320,,,0.685396585965024
130,A320,,,0.5890159283163275
131,A320,,,0.6554413219282379
132,A320,,,0.5775872222526861
133,A319,2006.0,156.0,0.6077476724566409
134,A319,2006.0,156.0,0.7091606980267263
135,A319,2006.0,156.0,0.7317916745953925
136,A319,2006.0,156.0,0.7053820384630578
137,A319,2006.0,156.0,0.7805243135450417
138,A319,2006.0,156.0,0.7923744876655265
139,A320,,,0.7372013304054035
140,A320,,,0.6480513863784177
141,A320,,,0.6332118054256453
142,A320,,,0.7443109022417289
143,A320,,,0.5937392253962932
144,A320,,,0.7589063212012208
145,A320,,,0.7126898257559351
146,A320,,,0.7022360859051969
147,A320,,,0.7081377480026797
148,A320,,,0.6868854987685178
149,A320,,,0.7563039053222326
150,A320,,,0.7146229912040822
151,A320,,,0.6854864853434656
152,A319,,,0.7588888817446685
153,A319,,,0.9226549843749614
154,A319,2010.0,100.0,0.7451215030435527
155,A319,2003.0,147.0,0.8212262131780134
156,A319,2003.0,147.0,0.7838125619381758
157,A319,2004.0,156.0,2.3284493734892573
158,A319,2004.0,156.0,0.6580842553496715
159,E190,2012.0,,0.5596574429390094
160,E190,2012.0,,0.5538597156969394
162,B737,2008.0,129.0,0.721093169523969
163,B737,2008.0,129.0,0.6339327464176194
164,b737,,,0.6662552247917718
165,b737,,,0.6630543715897804
166,E190,,,0.4647066464365454
167,E190,,,0.563558824479347
169,E190,2011.0,,0.502732096597497
170,E190,2012.0,,0.5671824038894749
171,B738,2016.0,,1.1230298936151537
172,B738,2016.0,,0.8333158409275261
173,B738,2006.0,,0.726855486098209
174,B738,2006.0,,0.9305044725088396
175,A320,2009.0,182.0,0.6849731625958746
176,A320,2009.0,182.0,0.6861063312192689
177,B738,2010.0,189.0,0.7832650726229847
178,B738,2010.0,189.0,0.8024746680964372
179,B738,2010.0,189.0,0.7488935474893155
180,B738,2010.0,189.0,0.9521062619587108
181,B738,2011.0,149.0,0.9349821012889514
182,B738,2011.0,149.0,0.715649846059362
183,B738,,,0.7332916713488052
184,B738,,,0.8661456332409023
185,B738,2017.0,189.0,0.6558406082469712
186,B738,2017.0,189.0,0.699065716877623
187,B738,2017.0,189.0,0.9633381642528918
188,B738,2017.0,189.0,0.6879737778355475
189,B738,2017.0,189.0,0.6204362941095798
190,B738,2017.0,189.0,0.5507207108592634
191,B738,2017.0,189.0,0.9127141302264072
192,B738,2017.0,189.0,0.75191109459941
0,B738,2012.0,,0.8570454192776457
1,B738,2012.0,,0.6776035440433237
2,A320,2012.0,168.0,0.6624233801154934
3,A320,2012.0,168.0,0.7064492823863254
4,A319,2007.0,106.0,0.7275550570709226
5,A319,2007.0,106.0,0.8788359592603282
6,A320,2004.0,162.0,0.6551415056975821
7,A320,2004.0,162.0,0.771005034737452
8,B738,2001.0,,0.7901987668285252
9,B738,2001.0,,0.8630722787239008
11,A320,2013.0,,0.6913722475463805
13,A319,,,0.940543641338786
14,A319,,,0.6660457425369273
15,A319,,,0.8803588367714786
16,A319,,,0.8528408963972766
17,A319,,,0.7519613833741949
18,A319,,,0.8839766128697186
24,A319,,,0.8402709123387092
25,A319,,,0.7039569408185231
26,A319,,,0.6001113299442881
27,A319,,,0.901058017125423
28,A319,,,0.8665323848077507
29,A319,,,0.6903076423704716
30,A320,,,0.6088645780370605
31,A320,,,0.7433487402837804
33,A321,1995.0,,0.9371456209480272
34,A321,,,0.8886958284743501
35,A321,,,0.9086878273789912
36,A321,,,0.7935039668929339
37,A321,,,0.8426935869409984
38,A321,,,0.9196036380042132
39,A321,,,0.8592759679189883
40,A319,2000.0,,0.800178499384902
41,A319,2001.0,,0.773939410337739
42,A319,2006.0,2.0,0.6866271122898622
43,A319,2006.0,2.0,0.7752840832990773
47,A321,2008.0,,0.8786385966847872
48,A321,2008.0,,0.9542681351883332
49,A321,2008.0,,0.7566189054665591
50,A321,2008.0,,0.9289145130837734
51,A321,2008.0,,0.8189674778956249
52,A321,2008.0,,0.936932070656804
53,A321,2008.0,,0.8900936131833357
54,A321,2008.0,,0.7365914441036405
55,A321,2008.0,,1.770845473162675
56,A321,2009.0,,0.8582188978213114
57,A321,2009.0,,0.8172134194626379
58,A321,2009.0,,1.0793113286329008
59,A321,2009.0,,0.8618538964248904
69,A320,2009.0,,0.693084199652874
70,A320,2009.0,,0.7918144997747061
71,A320,2010.0,182.0,0.6824533872486019
72,A320,2010.0,182.0,0.704484533642804
73,A320,2011.0,,0.9354015567215191
74,A320,2011.0,,0.6621549429846646
75,A320,2011.0,,0.6605668027181862
76,A320,2011.0,,0.6345689460941201
77,A320,2011.0,,0.7448467542654802
78,A320,2011.0,,0.617571314850512
79,A320,2011.0,,0.8198846113342689
80,A320,2011.0,,0.6458234236261043
81,A320,2011.0,,0.6769750711088558
82,A320,2011.0,,0.8024071276644964
83,A320,2011.0,,0.7553123589873278
84,A320,2011.0,,0.7297649067765092
85,A320,2011.0,,0.7089252785458154
86,A320,2011.0,,0.6397539354438874
87,A319,,,0.9911062684920872
88,A319,,,2.329734777968166
95,A332,,,2.1257468698745914
98,A319,,,0.8726951718117812
99,A319,,,0.6789381754715574
100,A319,,,0.8468604188855037
101,A319,,,1.0058099812256844
102,A320,2000.0,168.0,0.6540824563097104
103,A320,2000.0,168.0,0.7964966883137595
104,A320,2015.0,,0.5340568301096036
105,A320,2015.0,,0.5878012701202368
106,A320,2010.0,168.0,0.6171510170591663
107,A320,2010.0,168.0,0.8260801635794863
108,A320,2010.0,168.0,0.6907064702019597
109,B752,1996.0,249.0,1.3144750228299749
113,A319,2005.0,130.0,0.7304400283523045
114,A320,2008.0,162.0,0.7119137472860557
115,A320,2008.0,162.0,0.7193909474821626
116,A320,,,0.752191090783679
117,A320,,,0.4788754728579668
118,A320,,,0.725005735726945
119,A320,,,0.7682996951920221
120,A320,,,0.6386969322017835
121,A320,,,0.7710298884830872
122,A319,2006.0,156.0,0.6969441574989169
123,A319,2006.0,156.0,0.6487831884769241
124,A319,2006.0,156.0,0.8828126290219169
125,A319,2006.0,156.0,0.8637570881614505
126,A319,2006.0,156.0,2.328449373489257
127,A319,2006.0,156.0,0.9293434276167246
128,A320,,,0.7097505172707165
129,A320,,,0.6897429361556516
130,A320,,,0.8463489619538211
131,A320,,,0.6729375321517269
132,A319,,,0.6970444453326321
133,A319,,,0.664902320202158
134,A319,2010.0,100.0,0.7486110318535245
135,A319,2004.0,147.0,0.7196005720845262
136,A319,2004.0,147.0,0.7344171759115857
139,B738,1998.0,171.0,2.4546366505940376
140,B738,1998.0,171.0,0.6950994096751177
141,B738,1998.0,171.0,0.8306209959357003
142,E190,,,0.554439722816098
143,B738,2002.0,,0.5739274334508847
144,B738,2002.0,,0.8240871546117474
146,E190,2011.0,,0.5829252091838478
147,A320,2010.0,180.0,0.5939139312277862
148,A320,2010.0,180.0,0.8458550106324754
149,B738,2016.0,151.0,1.0048804662163182
150,B738,2016.0,151.0,0.7507681497860343
151,B738,2005.0,189.0,0.7950641379501188
152,B738,2005.0,189.0,0.8863589502847008
153,B738,2007.0,189.0,0.8072183548389019
154,B738,2007.0,189.0,0.7840093932580873
155,B738,2007.0,189.0,0.7546402003461955
156,B738,2007.0,189.0,0.6939332568990606
157,B738,2007.0,189.0,0.8011947772753248
158,B738,2008.0,189.0,1.1732025219491524
159,B738,2008.0,189.0,0.7913098102937612
160,B738,2008.0,189.0,0.7280579187399231
165,B738,2017.0,189.0,0.5960536742083038
166,B738,2017.0,189.0,1.0006759183863363
167,B738,2017.0,189.0,0.7814078369415398
168,B738,2017.0,189.0,0.746597939752986
169,B738,2017.0,189.0,0.6913123851430069
170,B738,2017.0,189.0,0.8408564665937068
171,B738,2017.0,189.0,0.967272865969556
0,B738,2012.0,,0.8570454192776457
1,B738,2012.0,,0.6776035440433237
2,A320,2012.0,168.0,0.6624233801154934
3,A320,2012.0,168.0,0.7064492823863254
4,A319,2007.0,106.0,0.7275550570709226
5,A319,2007.0,106.0,0.8788359592603282
6,A320,2004.0,162.0,0.6551415056975821
7,A320,2004.0,162.0,0.771005034737452
8,B738,2001.0,,0.7901987668285252
9,B738,2001.0,,0.8630722787239008
11,A320,2013.0,,0.6913722475463805
13,A319,,,0.940543641338786
14,A319,,,0.6660457425369273
15,A319,,,0.8803588367714786
16,A319,,,0.8528408963972766
17,A319,,,0.7519613833741949
18,A319,,,0.8839766128697186
24,A319,,,0.8402709123387092
25,A319,,,0.7039569408185231
26,A319,,,0.6001113299442881
27,A319,,,0.901058017125423
28,A319,,,0.8665323848077507
29,A319,,,0.6903076423704716
30,A320,,,0.6088645780370605
31,A320,,,0.7433487402837804
33,A321,1995.0,,0.9371456209480272
34,A321,,,0.8886958284743501
35,A321,,,0.9086878273789912
36,A321,,,0.7935039668929339
37,A321,,,0.8426935869409984
38,A321,,,0.9196036380042132
39,A321,,,0.8592759679189883
40,A319,2000.0,,0.800178499384902
41,A319,2001.0,,0.773939410337739
42,A319,2006.0,2.0,0.6866271122898622
43,A319,2006.0,2.0,0.7752840832990773
47,A321,2008.0,,0.8786385966847872
48,A321,2008.0,,0.9542681351883332
49,A321,2008.0,,0.7566189054665591
50,A321,2008.0,,0.9289145130837734
51,A321,2008.0,,0.8189674778956249
52,A321,2008.0,,0.936932070656804
53,A321,2008.0,,0.8900936131833357
54,A321,2008.0,,0.7365914441036405
55,A321,2008.0,,1.770845473162675
56,A321,2009.0,,0.8582188978213114
57,A321,2009.0,,0.8172134194626379
58,A321,2009.0,,1.0793113286329008
59,A321,2009.0,,0.8618538964248904
69,A320,2009.0,,0.693084199652874
70,A320,2009.0,,0.7918144997747061
71,A320,2010.0,182.0,0.6824533872486019
72,A320,2010.0,182.0,0.704484533642804
73,A320,2011.0,,0.9354015567215191
74,A320,2011.0,,0.6621549429846646
75,A320,2011.0,,0.6605668027181862
76,A320,2011.0,,0.6345689460941201
77,A320,2011.0,,0.7448467542654802
78,A320,2011.0,,0.617571314850512
79,A320,2011.0,,0.8198846113342689
80,A320,2011.0,,0.6458234236261043
81,A320,2011.0,,0.6769750711088558
82,A320,2011.0,,0.8024071276644964
83,A320,2011.0,,0.7553123589873278
84,A320,2011.0,,0.7297649067765092
85,A320,2011.0,,0.7089252785458154
86,A320,2011.0,,0.6397539354438874
87,A319,,,0.9911062684920872
88,A319,,,2.329734777968166
95,A332,,,2.1257468698745914
98,A319,,,0.8726951718117812
99,A319,,,0.6789381754715574
100,A319,,,0.8468604188855037
101,A319,,,1.0058099812256844
102,A320,2000.0,168.0,0.6540824563097104
103,A320,2000.0,168.0,0.7964966883137595
104,A320,2015.0,,0.5340568301096036
105,A320,2015.0,,0.5878012701202368
106,A320,2010.0,168.0,0.6171510170591663
107,A320,2010.0,168.0,0.8260801635794863
108,A320,2010.0,168.0,0.6907064702019597
109,B752,1996.0,249.0,1.3144750228299749
113,A319,2005.0,130.0,0.7304400283523045
114,A320,2008.0,162.0,0.7119137472860557
115,A320,2008.0,162.0,0.7193909474821626
116,A320,,,0.752191090783679
117,A320,,,0.4788754728579668
118,A320,,,0.725005735726945
119,A320,,,0.7682996951920221
120,A320,,,0.6386969322017835
121,A320,,,0.7710298884830872
122,A319,2006.0,156.0,0.6969441574989169
123,A319,2006.0,156.0,0.6487831884769241
124,A319,2006.0,156.0,0.8828126290219169
125,A319,2006.0,156.0,0.8637570881614505
126,A319,2006.0,156.0,2.328449373489257
127,A319,2006.0,156.0,0.9293434276167246
128,A320,,,0.7097505172707165
129,A320,,,0.6897429361556516
130,A320,,,0.8463489619538211
131,A320,,,0.6729375321517269
132,A319,,,0.6970444453326321
133,A319,,,0.664902320202158
134,A319,2010.0,100.0,0.7486110318535245
135,A319,2004.0,147.0,0.7196005720845262
136,A319,2004.0,147.0,0.7344171759115857
139,B738,1998.0,171.0,2.4546366505940376
140,B738,1998.0,171.0,0.6950994096751177
141,B738,1998.0,171.0,0.8306209959357003
142,E190,,,0.554439722816098
143,B738,2002.0,,0.5739274334508847
144,B738,2002.0,,0.8240871546117474
146,E190,2011.0,,0.5829252091838478
147,A320,2010.0,180.0,0.5939139312277862
148,A320,2010.0,180.0,0.8458550106324754
149,B738,2016.0,151.0,1.0048804662163182
150,B738,2016.0,151.0,0.7507681497860343
151,B738,2005.0,189.0,0.7950641379501188
152,B738,2005.0,189.0,0.8863589502847008
153,B738,2007.0,189.0,0.8072183548389019
154,B738,2007.0,189.0,0.7840093932580873
155,B738,2007.0,189.0,0.7546402003461955
156,B738,2007.0,189.0,0.6939332568990606
157,B738,2007.0,189.0,0.8011947772753248
158,B738,2008.0,189.0,1.1732025219491524
159,B738,2008.0,189.0,0.7913098102937612
160,B738,2008.0,189.0,0.7280579187399231
165,B738,2017.0,189.0,0.5960536742083038
166,B738,2017.0,189.0,1.0006759183863363
167,B738,2017.0,189.0,0.7814078369415398
168,B738,2017.0,189.0,0.746597939752986
169,B738,2017.0,189.0,0.6913123851430069
170,B738,2017.0,189.0,0.8408564665937068
171,B738,2017.0,189.0,0.967272865969556
0,B738,2009.0,153.0,0.6638257888263054
4,A319,,,1.4380380332423186
6,A321,1994.0,,0.745348281998365
7,A321,1995.0,,0.6086802054027683
8,A321,1995.0,,0.9138430496618232
9,A321,,,0.9555883231382868
10,A319,2000.0,,0.7791580722464022
11,A319,2000.0,,1.1424982988211787
12,A319,2000.0,,0.8105979537068537
13,A319,2000.0,,0.6910149918261418
14,A319,2000.0,,0.7624793585816091
18,A321,2008.0,,1.336200105829949
19,A321,2008.0,,0.9106558428513764
20,A321,2008.0,,0.7194661337472306
29,A320,2011.0,,0.6902745661141017
30,A320,2011.0,,2.243207236444925
31,A320,2011.0,,0.9478942996870569
32,A320,2011.0,,0.6556124608866295
33,A320,2011.0,,0.6953025355938252
34,A320,2011.0,,0.5538937331994811
35,A320,2013.0,,0.6997484279703882
36,A320,2013.0,,0.7137421541062766
38,A319,1997.0,138.0,0.9462796223390062
41,A319,2006.0,156.0,0.7417331939641427
42,A319,2006.0,156.0,0.7467133039675281
45,A319,2006.0,156.0,0.8485966606799613
46,A319,2006.0,156.0,0.7641334620356144
47,A319,,,0.524680571255056
48,A319,,,0.8140536411400167
49,A319,,,1.3212735252455523
50,A319,,,0.7592360418054054
51,A319,,,0.8199388826421241
52,A320,2015.0,,0.4344869719077867
53,A320,2015.0,,0.7187407137016947
54,A320,,,0.4811986168181779
55,A320,,,0.710812014437148
56,A319,,,0.8539027016853434
57,E190,2012.0,,0.620882294458983
58,B737,2010.0,129.0,2.43607378908352
59,B737,2010.0,129.0,0.7194957201124359
60,E190,,,1.6133169748046134
62,B738,2010.0,189.0,0.6207676633998322
63,B738,2010.0,189.0,0.656890071688233
64,B738,2012.0,189.0,1.016899400660528
65,B738,,,1.00305643893436
66,B738,2017.0,189.0,1.5669913206687989
67,B738,2017.0,189.0,1.0525183950067305
68,B738,2017.0,189.0,0.8872195130906213
0,A320,2010.0,,0.661973282312238
1,A320,2010.0,,0.7817295016148964
2,A320,2013.0,,0.6287743016385502
3,B738,2010.0,,0.812371046495624
4,B738,2010.0,,0.9343025558727344
5,B738,2011.0,,0.7118856225535154
6,A320,2003.0,,1.7655056728218808
7,A320,2003.0,,0.749484618131791
10,A319,,,0.9239680525216856
11,A319,,,0.8127438943801931
12,A319,,,0.9451257751280618
13,A319,,,0.8726580884347759
16,A319,,,0.9369798668453366
17,A319,,,0.6565991121935081
18,A319,,,0.855111704164278
19,A319,,,0.7283235800947695
21,A321,,,0.8780738590503148
22,A321,,,0.8572110678359091
23,A321,1995.0,,0.885292542133673
24,A321,1995.0,,0.9262631214024984
26,A319,2000.0,,0.7050897638340056
27,A319,2000.0,,0.7895503163494881
28,A319,2001.0,,0.7235285511257427
29,A319,2001.0,,0.7823466598365539
30,A319,2001.0,,0.8511043527729372
34,A321,2008.0,,0.8936373620911049
35,A321,2008.0,,0.8758127826067169
36,A321,2009.0,,0.9089633845783046
47,A320,2010.0,182.0,0.6857638775234494
48,A320,2010.0,182.0,0.7165418781775775
49,A320,2010.0,,0.701104399297018
50,A320,2010.0,,0.6617482708567324
51,A320,2010.0,,0.7828450863650107
52,A320,2010.0,,0.704436458187961
53,A320,2011.0,,0.7063354989999163
54,A320,2011.0,,0.7057615049699224
55,A320,2011.0,,0.5975352995539959
56,A320,2011.0,,0.5706232288235576
57,A320,2011.0,,2.2432072364449245
58,A320,2011.0,,0.6995972124323799
59,A320,2011.0,,0.6632345216749043
60,A320,2011.0,,0.6914680683386643
61,A320,2011.0,,0.8559593198398775
62,A320,2011.0,,0.6838822098371192
63,A320,2011.0,,0.7412046632333518
64,A320,2011.0,,0.6797247209773992
65,A320,2011.0,,0.7126805414247466
66,A320,2011.0,,0.6667245417832054
67,A320,2012.0,,0.5661007065243943
68,A320,2012.0,,0.5792533043054082
69,A320,2012.0,,0.551690062080712
75,A319,,,1.1275819161348324
76,A319,,,0.8054836042792128
78,A319,1996.0,138.0,0.742523737880167
79,A319,1996.0,138.0,1.1594313500188005
81,A320,2015.0,,0.6690959312438406
82,A320,2015.0,,0.9208884542917756
83,A320,2010.0,168.0,0.9155872145851764
84,A320,2010.0,168.0,0.7854250114602016
85,A320,2010.0,168.0,0.7965829814542962
86,B752,1995.0,,1.035544630179971
87,B752,1995.0,,1.0810685867904364
89,A320,2002.0,162.0,0.6917273527985923
90,A320,2002.0,,0.7535884669795525
91,A320,2002.0,,0.7212421292808484
92,A320,2002.0,,0.7409795128970673
94,A319,2006.0,156.0,0.8165279447517504
95,A319,2006.0,156.0,0.7637689946933695
96,A319,2006.0,156.0,0.7296124796940862
97,A319,2006.0,156.0,0.7360423187837378
98,A319,2006.0,156.0,0.8939838324966511
99,A319,,,0.7392916984891631
100,A319,,,0.7344212367183797
101,A319,,,0.6543026695949898
102,A319,,,0.8491353650303456
103,A319,,,0.7785269035486093
104,A319,,,0.6167953631952767
105,A320,2015.0,,0.7641673559496129
106,A320,2015.0,,0.7546848465919935
107,A320,2015.0,,0.837033526114985
108,A320,2015.0,,0.7786788520504583
109,A320,,,0.7929900769808977
110,A320,,,0.7059777764483742
111,A320,,,0.5750644807284769
112,A320,,,0.7714158488860486
113,A320,,,0.6914681313740434
114,A320,,,0.7323668978172471
115,A320,,,0.8016564289577393
117,A319,,,0.8382766871937001
118,A319,2003.0,147.0,0.7315612446977623
119,A320,2007.0,,0.710419602080861
120,A320,2007.0,,0.7171498757816196
121,B738,2011.0,171.0,0.707634599805872
122,B738,2011.0,171.0,0.681067271279434
123,E190,,,0.5746501358637881
124,E190,,,0.5142844733619918
125,E190,,,0.4612347586932923
126,E190,2011.0,106.0,0.5475810254975366
127,A320,2012.0,180.0,0.8336564044094711
128,A320,2012.0,180.0,0.9787385172627237
129,A320,,,0.6863310658721387
130,A320,,,0.8392588715481516
131,A320,2000.0,,0.7457636630016403
132,A320,2000.0,,0.7104452256517615
133,B738,2009.0,189.0,0.804466173354643
134,B738,2009.0,189.0,1.0369840275965538
135,B738,2009.0,189.0,0.6865580135071342
136,B738,2009.0,189.0,0.6856883655984373
137,B738,2009.0,189.0,0.7905044399154858
138,B738,2009.0,189.0,0.8781074214954977
139,B738,2010.0,189.0,0.6909981893074951
140,B738,2011.0,189.0,0.6753035203499401
141,B738,2011.0,189.0,0.6965603490639095
142,B738,2012.0,189.0,0.8604741127294274
143,B738,2012.0,189.0,0.7136337795499597
144,B738,2015.0,,0.6512481351878886
145,B738,2015.0,,0.6951415268219463
146,B738,2017.0,189.0,0.999395975207354
147,B738,2017.0,189.0,0.9342965830461872
148,B738,2017.0,189.0,0.7349475219008504
149,B738,2017.0,189.0,0.7986250831497745
150,B738,2017.0,189.0,0.7005055071922687
151,B738,2017.0,189.0,1.0831747482101075
0,B738,2009.0,153.0,0.6638257888263054
4,A319,,,1.4380380332423186
6,A321,1994.0,,0.745348281998365
7,A321,1995.0,,0.6086802054027683
8,A321,1995.0,,0.9138430496618232
9,A321,,,0.9555883231382868
10,A319,2000.0,,0.7791580722464022
11,A319,2000.0,,1.1424982988211787
12,A319,2000.0,,0.8105979537068537
13,A319,2000.0,,0.6910149918261418
14,A319,2000.0,,0.7624793585816091
18,A321,2008.0,,1.336200105829949
19,A321,2008.0,,0.9106558428513764
20,A321,2008.0,,0.7194661337472306
29,A320,2011.0,,0.6902745661141017
30,A320,2011.0,,2.243207236444925
31,A320,2011.0,,0.9478942996870569
32,A320,2011.0,,0.6556124608866295
33,A320,2011.0,,0.6953025355938252
34,A320,2011.0,,0.5538937331994811
35,A320,2013.0,,0.6997484279703882
36,A320,2013.0,,0.7137421541062766
38,A319,1997.0,138.0,0.9462796223390062
41,A319,2006.0,156.0,0.7417331939641427
42,A319,2006.0,156.0,0.7467133039675281
45,A319,2006.0,156.0,0.8485966606799613
46,A319,2006.0,156.0,0.7641334620356144
47,A319,,,0.524680571255056
48,A319,,,0.8140536411400167
49,A319,,,1.3212735252455523
50,A319,,,0.7592360418054054
51,A319,,,0.8199388826421241
52,A320,2015.0,,0.4344869719077867
53,A320,2015.0,,0.7187407137016947
54,A320,,,0.4811986168181779
55,A320,,,0.710812014437148
56,A319,,,0.8539027016853434
57,E190,2012.0,,0.620882294458983
58,B737,2010.0,129.0,2.43607378908352
59,B737,2010.0,129.0,0.7194957201124359
60,E190,,,1.6133169748046134
62,B738,2010.0,189.0,0.6207676633998322
63,B738,2010.0,189.0,0.656890071688233
64,B738,2012.0,189.0,1.016899400660528
65,B738,,,1.00305643893436
66,B738,2017.0,189.0,1.5669913206687989
67,B738,2017.0,189.0,1.0525183950067305
68,B738,2017.0,189.0,0.8872195130906213
0,A320,2012.0,168.0,0.590507418520184
1,A320,2012.0,168.0,0.723116240430582
2,E190,2014.0,,0.5731663280815306
3,E190,2014.0,,0.6068294819605998
4,B738,2011.0,,0.8309048759131371
5,B738,2011.0,,1.0064457445822104
9,A319,,,0.98814708518579
10,A319,,,0.7889284114924172
11,A319,,,0.7785136071065366
12,A319,,,0.7539406098279724
17,A321,1995.0,,0.8864002659080206
18,A321,1995.0,,1.0110766999989105
19,A319,2000.0,,0.6745555280378291
20,A319,2000.0,,0.66788006731254
21,A319,2001.0,,0.7219893791999529
22,A319,2001.0,,0.7340241040906453
25,A321,2008.0,,1.5531553510351856
26,A321,2008.0,,0.955430332650884
27,A321,2008.0,,0.7543474255347675
28,A321,2008.0,,0.8573410320130316
29,A321,2009.0,,0.7422368387889277
41,A320,2011.0,,0.5831630856549153
42,A320,2011.0,,0.7170703028212141
43,A320,2011.0,,0.6057508042752512
44,A320,2011.0,,0.7192596158422596
51,A319,,,0.7138887812621566
52,A319,,,0.870091374011639
53,A319,,,1.067526826001116
54,A320,2014.0,,0.6174132061881318
55,B752,1999.0,,1.380131511798064
56,A320,2008.0,,0.5619039269759144
57,A319,2006.0,156.0,0.8011259932063247
58,A319,2006.0,156.0,0.7942877311942125
59,A319,,,0.8441303213332277
60,A319,,,0.8619925519248923
61,A319,,,0.6745837011355809
62,A320,,,0.6739848770255844
63,A320,,,0.7208752974271082
64,A320,,,0.77338288586819
65,A320,,,1.4534794656063612
66,A320,,,0.6341798984782837
67,A320,,,0.5583784628810061
68,A320,,,0.7890596811484958
69,A320,,,0.7063932203487439
70,A319,,,0.5369853005877824
71,A319,2004.0,147.0,0.8631450744207461
72,A319,2004.0,147.0,0.8525725810276059
73,E190,2012.0,,0.5708668331250529
75,A320,2015.0,168.0,0.577779303064507
76,A320,2015.0,168.0,0.4470867510438548
77,B737,2010.0,129.0,2.44780356255564
78,B737,2010.0,129.0,0.7575990635992421
79,E190,,,0.5891275995659826
80,E190,,,0.503865420433403
81,E190,,,0.4623508803091246
82,E190,2011.0,106.0,0.4545102095252273
83,B738,2016.0,,0.8107471549128635
84,A320,2008.0,182.0,0.775958067979084
85,A320,2008.0,182.0,0.6698313167672175
86,B738,2010.0,189.0,0.7909339326643601
87,B744,2001.0,,4.163259049386983
88,B738,2018.0,189.0,1.0951599397628131
89,B738,2018.0,189.0,0.9617054844962004
90,B738,2017.0,189.0,0.670579568104107
91,B738,2017.0,189.0,0.9448368215739584
92,B738,2017.0,189.0,0.7818469617702646
